# Han-character frequency over the Kanripo corpus (Kanseki Repository, CC BY-SA 4.0).
# Generated by bin/sino_freq.rb on 2026-08-09 · 1.4.0
# 721813636 character tokens · 28368 distinct characters · 4571394 passages · docs = texts containing the character.
# Top 3000 rows carry Unihan kTotalStrokes/kMandarin and BabelStone IDS.
rank	char	count	docs	strokes	pinyin	ids
1	之	18351733	5090	3	zhī	⿱丶{100}
2	不	8988592	5096	4	bù	⿸丆⿰丨丶
3	以	8666213	5038	4	yǐ	⿽人⿰𠄌丶
4	也	7231252	4836	3	yě	⿻乜丨
5	而	7139604	5009	6	ér	⿱一𦓐
6	其	6296920	5013	8	qí	⿱{94}八
7	人	6255480	5100	2	rén	人
8	為	5812583	3628	9	wèi	⿽⿵⿸⿻丿𠃍⿱𠃍𠃌灬丶
9	有	5694658	5097	6	yǒu	⿸𠂇⺝
10	者	5209634	5024	8	zhě	⿱耂日
11	一	4928405	5103	1	yī	一
12	曰	4678922	4887	4	yuē	曰
13	子	4187613	5006	3	zǐ	⿻了一
14	於	3948532	5003	8	yú	⿰方仒
15	十	3789569	5043	2	shí	⿻一丨
16	大	3332961	5069	3	dà	⿻一人
17	所	3252760	5015	8	suǒ	⿰戶斤
18	丨	3163966	151	1	gǔn	丨
19	二	3150948	5039	2	èr	⿱一一
20	三	3128820	5097	3	sān	三
21	無	2966863	5019	12	wú	⿱{56}灬
22	中	2931802	5088	4	zhōng	⿻口丨
23	則	2880511	4809	9	zé	⿰貝刂
24	天	2871975	5091	4	tiān	⿱一大
25	年	2850815	4901	6	nián	⿱𠂉{48}
26	上	2760806	5104	3	shàng	⿱⺊一
27	下	2736945	5052	3	xià	⿱一卜
28	此	2627199	5040	6	cǐ	⿰止匕
29	王	2466532	4733	4	wáng	⿱一土
30	是	2412052	5006	9	shì	⿱日𤴓
31	書	2327321	4735	10	shū	⿱{82}日
32	公	2309955	4486	4	gōng	⿱八厶
33	自	2281602	5060	6	zì	⿱㇒目
34	事	2273308	4826	8	shì	⿻⿱𠮛{43}亅
35	可	2241958	4946	5	kě	⿹丁口
36	在	2189909	5022	6	zài	⿸{57}土
37	五	2186604	5054	4	wǔ	⿱一𫝀
38	日	2173704	5031	4	rì	⿴囗一
39	如	2164378	5028	6	rú	⿰女口
40	言	2162467	4912	7	yán	⿳亠二口
41	至	2144788	5015	6	zhì	⿱𠫔土
42	故	2112082	4840	9	gù	⿰古攵
43	四	2111250	5023	5	sì	⿴囗⿰丿㇄
44	山	2056654	4787	3	shān	⿶凵丨
45	得	2026367	5052	11	dé	⿰彳㝵
46	文	1986390	4852	4	wén	⿱亠乂
47	與	1985661	4966	13	yǔ	⿳⿴𦥑{23}一八
48	時	1977568	4991	10	shí	⿰日寺
49	行	1962455	5055	6	xíng	⿰彳亍
50	又	1905773	4765	2	yòu	又
51	月	1849225	4933	4	yuè	⿵⺆二
52	知	1841920	4872	8	zhī	⿰矢口
53	生	1825437	5080	5	shēng	⿰㇒龶
54	後	1788450	4935	9	hòu	⿰彳⿱幺夊
55	道	1753954	5063	12	dào	⿺辶首
56	州	1742923	3987	6	zhōu	⿻川{86}
57	南	1721631	4694	9	nán	⿱十⿵冂𢆉
58	見	1675574	4922	7	jiàn	⿱目儿
59	謂	1596730	4574	16	wèi	⿰訁胃
60	君	1592476	4880	7	jūn	⿸尹口
61	亦	1588447	4796	6	yì	⿱亠⿻⿰丿亅八
62	明	1557446	5034	8	míng	⿰日月
63	水	1551078	4831	4	shuǐ	⿰㇇𰛅
64	然	1545192	4991	12	rán	⿱⿰𱼀犬灬
65	相	1519546	4942	9	xiāng	⿰木目
66	皆	1499685	4918	9	jiē	⿱比白
67	東	1490498	4674	8	dōng	⿻木日
68	今	1489705	4870	4	jīn	⿱⿵𠆢丶乛
69	名	1472166	4959	6	míng	⿱夕口
70	國	1465922	4441	11	guó	⿴囗或
71	出	1462515	4918	5	chū	⿱屮凵
72	臣	1454984	4418	6	chén	⿷匚⿳丨{50}丨
73	百	1444478	4952	6	bǎi	⿱一白
74	未	1443516	4843	5	wèi	⿻一木
75	于	1442527	4185	3	yú	⿱一𬺰
76	矣	1436530	4626	7	yǐ	⿱厶矢
77	用	1434879	4793	5	yòng	⿵⺆𰀁
78	使	1433538	4826	8	shǐ	⿰亻吏
79	詩	1433212	3751	13	shī	⿰訁寺
80	太	1431429	4992	4	tài	⿵大丶
81	作	1425864	4805	7	zuò	⿰亻乍
82	何	1419796	4690	7	hé	⿰亻可
83	六	1414353	4989	4	liù	⿱亠八
84	官	1404117	4666	8	guān	⿱宀㠯
85	能	1395336	4883	10	néng	⿰䏍𫧇
86	西	1367441	4618	6	xī	⿱一𠁤
87	正	1363857	4914	5	zhèng	⿱一止
88	夫	1324512	4683	4	fū	⿻二人
89	地	1303329	4997	6	de dì	⿰土也
90	心	1278593	4991	4	xīn	⿰㇒⿻乚⿰丶丶
91	元	1270473	4927	4	yuán	⿱一兀
92	云	1262116	4499	4	yún	⿱二厶
93	成	1261732	4979	6	chéng	⿵戊𠃌
94	方	1259720	5012	4	fāng	⿱丶万
95	陽	1258865	4865	11	yáng	⿰阝昜
96	縣	1227525	3499	16	xiàn	⿰⿱{73}小系
97	同	1226451	4937	6	tóng	⿵冂𠮛
98	非	1225942	4850	8	fēi	⿰⿰三丨⿰丨三
99	氏	1221889	3889	4	shì	氏
100	士	1210818	4667	3	shì	⿻一丄
101	入	1199236	4955	2	rù	入
102	長	1181063	4984	8	zhǎng	⿱{76}{25}
103	及	1162139	4817	3	jí	及
104	九	1153759	4977	2	jiǔ	九
105	安	1150457	4831	6	ān	⿱宀女
106	當	1149528	4907	13	dāng	⿱𫩠田
107	先	1143594	4880	6	xiān	⿱𠂒儿
108	諸	1136326	4862	15	zhū	⿰訁者
109	風	1126106	4748	9	fēng	⿵𠘨䖝
110	帝	1120911	4658	9	dì	⿱{83}巾
111	禮	1119298	4347	17	lǐ	⿰礻豊
112	若	1119284	4907	8	ruò	⿱艹右
113	已	1100805	4594	3	yǐ	已
114	乃	1084197	4749	2	nǎi	⿹𠄎丿
115	將	1081458	4603	11	jiāng	⿰爿⿱𱼀寸
116	傳	1079700	4731	13	chuán	⿰亻專
117	萬	1057137	4986	12	wàn	⿱艹禺
118	北	1046618	4645	5	běi	⿰{45}匕
119	民	1041063	4192	5	mín	民
120	分	1039378	4851	4	fēn	⿱八刀
121	從	1037386	4828	11	cóng	⿰彳⿱从龰
122	平	1032814	4682	5	píng	⿻干丷
123	軍	1032259	3830	9	jūn	⿱冖車
124	七	1021901	4915	2	qī	〾⿻一乚
125	世	1021084	4843	5	shì	⿻廿𠃊
126	八	1020787	4908	2	bā	⿰丿㇏
127	城	1018586	4076	9	chéng	⿰土成
128	復	1017269	4757	12	fù	⿰彳复
129	前	1016287	4815	9	qián	⿱䒑⿰⺝刂
130	來	1014258	4835	8	lái	⿻木从
131	家	1008491	4650	10	jiā	⿱宀豕
132	本	972824	4836	5	běn	⿻木一
133	里	972180	4246	7	lǐ	⿻日土
134	學	959552	4597	16	xué	⿱𦥯子
135	門	958371	4783	8	mén	⿰𠁣𠃛
136	乎	957821	4374	5	hū	⿻𠂌丷
137	去	953289	4715	5	qù	⿱土厶
138	爲	950803	3174	12	wèi	⿱爫⿵⿰丿⿳𠃍𠃍𠃌灬
139	朝	949025	4587	12	cháo	⿰𠦝月
140	史	948630	3832	5	shǐ	⿻⿻口丿乀
141	必	947716	4611	5	bì	⿻心㇒
142	古	947064	4431	5	gǔ	⿱十口
143	小	945112	4669	3	xiǎo	⿲㇒亅丶
144	兵	940622	4092	7	bīng	⿱丘八
145	令	937891	4758	5	lìng	⿱⿵𠆢丶龴
146	多	937063	4669	6	duō	⿱夕夕
147	江	931044	4039	6	jiāng	⿰氵工
148	字	921692	4460	6	zì	⿱宀子
149	經	917569	4982	13	jīng	⿰糹巠
150	白	903458	4805	5	bái	⿱㇒日
151	外	895921	4795	5	wài	⿰夕卜
152	石	893140	4464	5	shí	⿸丆口
153	千	882246	4786	3	qiān	⿱㇒十
154	春	880996	4314	9	chūn	⿱𡗗日
155	義	880861	4268	13	yì	⿱𦍌我
156	金	878822	4878	8	jīn	⿱𠆢⿻王丷
157	即	878327	4573	7	jí	⿰{18}卩
158	欲	878297	4703	11	yù	⿰谷欠
159	歸	871757	4704	18	guī	⿰⿱𠂤止帚
160	主	868418	4684	5	zhǔ	⿱丶王
161	命	866682	4840	8	mìng	⿱{88}叩
162	數	866271	4671	15	shù	⿰婁攵
163	馬	864095	4371	10	mǎ	⿹{51}灬
164	武	859617	4184	8	wǔ	⿹{28}止
165	等	857129	4551	12	děng	⿱𥫗寺
166	師	853421	4641	10	shī	⿰𠂤帀
167	司	852655	4213	5	sī	⿹𠃌𠮛
168	神	849584	5015	9	shén	⿰礻申
169	周	843346	4587	8	zhōu	⿵⺆𠮷
170	宗	843152	4370	8	zōng	⿱宀示
171	内	838766	4765	4	nèi	⿻冂人
172	氣	830189	4726	10	qì	⿹气米
173	居	826618	4653	8	jū	⿸尸古
174	或	824288	4625	8	huò	⿹戈⿱口一
175	漢	823692	4076	14	hàn	⿰氵𦰩
176	我	819058	4536	7	wǒ	⿻⿱㇒扌{97}
177	治	813584	4242	8	zhì	⿰氵台
178	兩	810833	4576	8	liǎng	⿻丅⿵冂𠓜
179	法	809849	4907	8	fǎ	⿰氵去
180	志	807214	4500	7	zhì	⿱士心
181	河	807106	4309	8	hé	⿰氵可
182	物	791295	4770	8	wù	⿰牜勿
183	黄	781024	4464	11	huáng	⿳龷由八
184	重	777992	4750	9	zhòng	⿳㇒車一
185	通	776168	4911	10	tōng	⿺辶甬
186	立	769281	4779	5	lì	⿱亠䒑
187	聞	769218	4685	14	wén	⿵門耳
188	意	750246	4692	13	yì	⿱音心
189	初	748872	4540	7	chū	⿰衤刀
190	雲	747095	4516	12	yún	⿱雨云
191	樂	745169	4484	15	lè	⿱⿲幺白幺木
192	餘	735750	4492	15	yú	⿰飠余
193	服	733353	4335	8	fú	⿰月𠬝
194	侯	732063	3742	9	hóu	⿰亻⿱{14}矢
195	處	727884	4651	11	chù	⿸虍処
196	清	723388	4761	11	qīng	⿰氵青
197	進	719390	4377	11	jìn	⿺辶隹
198	定	714807	4753	8	dìng	⿱宀𤴓
199	間	711557	4741	12	jiān	⿵門日
200	聖	711498	4751	13	shèng	⿱𦔻王
201	秋	711219	4187	9	qiū	⿰禾火
202	府	708811	4203	8	fǔ	⿸广付
203	常	705543	4846	11	cháng	⿱龸吊
204	因	688625	4709	6	yīn	⿴囗大
205	守	688217	4480	6	shǒu	⿱宀寸
206	徳	684011	3398	14	dé	⿰彳⿳十罒心
207	雖	683533	4508	17	suī	⿰虽隹
208	和	683362	4760	8	hé	⿰禾口
209	髙	678577	3929	11	gāo	⿳亠{67}冋
210	過	676910	4731	11	guò	⿺辶咼
211	取	673086	4569	8	qǔ	⿰耳又
212	食	667289	4476	9	shí	⿱𠆢良
213	焉	666917	4376	11	yān	⿱正{1}
214	實	665097	4484	14	shí	⿱宀貫
215	應	664518	4774	17	yīng	⿸䧹心
216	張	660713	4292	11	zhāng	⿰弓長
217	李	659962	3820	7	lǐ	⿱木子
218	皇	658805	4321	9	huáng	⿱白王
219	都	658364	4445	10	dōu dū	⿰者阝
220	死	657620	4593	6	sǐ	⿸歹匕
221	始	656726	4794	8	shǐ	⿰女台
222	各	655500	4688	6	gè	⿱夂口
223	流	648663	4790	10	liú	⿰氵㐬
224	易	639210	4480	8	yì	⿱日勿
225	陳	639147	4255	10	chén	⿰阝東
226	合	636223	4886	6	hé	⿱{88}口
227	理	634007	4588	11	lǐ	⿰𤣩里
228	尚	632813	4159	8	shàng	⿱⺌冋
229	齊	629116	4300	14	qí	⿱{26}⿲丿二丨
230	少	623480	4498	4	shǎo	⿱𡭔㇒
231	右	622287	4468	5	yòu	⿸𠂇口
232	惟	620902	4389	11	wéi	⿰忄隹
233	海	619333	4446	10	hǎi	⿰氵每
234	善	618480	4600	12	shàn	⿳羊䒑口
235	吾	616280	4274	7	wú	⿱五口
236	左	614472	4478	5	zuǒ	⿸𠂇工
237	足	613093	4631	7	zú	⿱口龰
238	功	600410	4725	5	gōng	⿰工力
239	身	600219	4907	7	shēn	⿻𨈑㇒
240	光	598367	4804	6	guāng	⿱⺌兀
241	遂	596509	4387	12	suì	⿺辶㒸
242	聲	594025	4477	17	shēng	⿱殸耳
243	既	592913	3955	9	jì	⿰{18}旡
244	玉	588835	4727	5	yù	⿻王丶
245	興	578499	4233	16	xìng	⿳⿴𦥑同一八
246	記	578098	4160	10	jì	⿰訁己
247	盡	576678	4647	14	jǐn	⿱𭴘皿
248	節	576577	4537	13	jié	⿱𥫗即
249	章	574021	4391	11	zhāng	⿱立早
250	父	572915	4332	4	fù	⿱八乂
251	觀	571706	4619	24	guān	⿰雚見
252	宋	567956	3733	7	sòng	⿱宀木
253	祖	563503	4297	9	zǔ	⿰礻且
254	問	560255	4313	11	wèn	⿵門口
255	度	558255	4774	9	dù	⿸广⿱廿又
256	開	558183	4734	12	kāi	⿵門开
257	部	556738	4119	10	bù	⿰咅阝
258	唐	556676	3785	10	táng	⿸广⿱肀口
259	龍	554550	4626	16	lóng	⿰𦚏{12}
260	舉	554243	4494	16	jǔ	⿱與𰀁
261	花	550987	3597	7	huā	⿱艹化
262	思	549918	4585	9	sī	⿱田心
263	反	549639	4102	4	fǎn	⿸𠂆又
264	老	548872	4657	6	lǎo	⿱耂匕
265	論	542065	4246	15	lùn	⿰訁侖
266	林	539914	4237	8	lín	⿰木木
267	新	539372	4207	13	xīn	⿰亲斤
268	起	536657	4681	10	qǐ	⿺走己
269	位	536442	4356	7	wèi	⿰亻立
270	猶	536440	4294	12	yóu	⿰犭酋
271	稱	535710	4414	14	chēng	⿰禾爯
272	切	533815	4275	4	qiè	⿰七刀
273	注	533526	4040	8	zhù	⿰氵主
274	政	532363	3742	9	zhèng	⿰正攵
275	孫	527318	4216	10	sūn	⿰子系
276	制	523903	4252	8	zhì	⿰⿻牛冂刂
277	音	523141	4187	9	yīn	⿱立日
278	宜	522893	4327	8	yí	⿱宀且
279	爾	520293	4263	14	ěr	⿻丅⿱八⿵冂㸚
280	逺	512757	3791	11	yuǎn	⿺辶𡊮
281	發	512006	4608	12	fā	⿱癶𭚧
282	晉	510411	3304	10	jìn	⿳一厸𣄼
283	首	508994	4659	9	shǒu	⿱丷𦣻
284	深	507958	4545	11	shēn	⿰氵罙
285	郡	507909	3248	9	jùn	⿰君阝
286	舊	503184	3993	17	jiù	⿱萑臼
287	次	496710	4514	6	cì	⿰冫欠
288	任	495544	4176	6	rèn	⿰亻壬
289	難	495337	4694	19	nán	⿰𦰩隹
290	酒	491974	3977	10	jiǔ	⿰氵酉
291	田	491931	4211	5	tián	⿴囗十
292	請	491080	4053	15	qǐng	⿰訁青
293	建	489165	4123	8	jiàn	⿺廴聿
294	親	486911	4250	16	qīn	⿰亲見
295	隂	486637	4029	11	yīn	⿰阝⿱𠆢镸
296	宫	486011	4450	9	gōng	⿱宀吕
297	異	485885	4492	11	yì	⿱田共
298	奏	485455	3648	9	zòu	⿱𡗗天
299	語	481408	4352	14	yǔ	⿰訁吾
300	利	480592	4332	7	lì	⿰禾刂
301	甚	480540	4286	9	shèn	⿱{94}⿺𠃊八
302	且	480148	4294	5	qiě	⿴𠀃𠄠
303	求	479385	4630	7	qiú	⿺⿻一氺丶
304	色	477237	4593	6	sè	⿱⺈巴
305	受	475463	4736	8	shòu	⿳爫冖又
306	御	474735	4088	12	yù	⿰彳卸
307	集	474729	4178	12	jí	⿱隹木
308	終	474527	4611	11	zhōng	⿰糹冬
309	廣	473040	4443	14	guǎng	⿸广黄
310	豈	472867	4302	10	qǐ	⿱山豆
311	直	472463	4512	8	zhí	⿱十{73}
312	雨	471329	4152	8	yǔ	⿻丅⿵冂⿰⿱丶丶⿱丶丶
313	女	470719	4591	3	nǚ	女
314	賢	470322	4206	15	xián	⿱臤貝
315	衆	469468	4494	12	zhòng	⿱血乑
316	凡	467940	4673	3	fán	⿵几丶
317	仁	466272	4075	4	rén	⿰亻二
318	㑹	465067	3811	12	huì	⿳{88}由日
319	夜	463219	4515	8	yè	⿱亠⿰亻⿴夂丶
320	木	462151	4474	4	mù	⿻十𠆢
321	屬	461295	4347	21	shǔ	⿸尸⿱氺蜀
322	草	460539	4127	9	cǎo	⿱艹早
323	路	460431	4158	13	lù	⿰𧾷各
324	止	459635	4444	4	zhǐ	⿽上丨
325	莫	458132	4603	10	mò	⿱艹旲
326	望	457546	4263	11	wàng	⿱⿰亡月王
327	青	456894	4281	8	qīng	⿱龶⺝
328	力	453094	4437	2	lì	⿻𠃌丿
329	夏	452357	4141	10	xià	⿱𦣻夊
330	加	450150	4208	5	jiā	⿰力口
331	失	449463	4518	5	shī	⿰㇒夫
332	化	448419	4778	4	huà	⿰亻𠤎
333	奉	447083	4359	8	fèng	⿱𡗗𰀁
334	華	445954	4591	10	huá	⿱艹{62}
335	耳	445545	4458	6	ěr	耳
336	劉	444714	3649	15	liú	⿰⿱⿰{58}刀金刂
337	郎	438958	3352	8	láng	⿰{17}阝
338	置	438590	3935	13	zhì	⿱罒直
339	致	436735	4462	10	zhì	⿰至攵
340	獨	436044	4318	16	dú	⿰犭蜀
341	還	435795	4442	16	hái	⿺辶睘
342	錢	434908	3379	16	qián	⿰釒戔
343	近	434546	4307	7	jìn	⿺辶斤
344	信	432895	4533	9	xìn	⿰亻言
345	卷	431277	3945	8	juǎn	⿱龹㔾
346	卒	430575	3706	8	zú	⿱𠅃十
347	衣	429592	4355	6	yī	⿱亠𧘇
348	更	427553	4479	7	gèng	⿱一{19}
349	伯	426899	3863	7	bó	⿰亻白
350	寒	426216	4223	12	hán	⿱𡨄⺀
351	京	421938	3808	8	jīng	⿱亠𱒃
352	嘗	419997	3901	14	cháng	⿱𫩠旨
353	封	419912	3866	9	fēng	⿰圭寸
354	母	419823	4417	5	mǔ	母
355	好	419051	4414	6	hǎo	⿰女子
356	詔	415773	3262	12	zhào	⿰訁召
357	議	414596	3682	20	yì	⿰訁義
358	象	411477	4279	11	xiàng	⿻𠮥𧰨
359	鄭	410366	3389	14	zhèng	⿰奠阝
360	土	410115	4500	3	tǔ	⿱十一
361	説	409618	3316	14	shuō	⿰訁兑
362	修	408728	4618	9	xiū	⿲亻丨⿱夂彡
363	由	407959	4483	5	yóu	⿻日丨
364	第	407663	4264	11	dì	⿱𥫗𢎨
365	哉	406381	4161	9	zāi	⿹𢦏口
366	辭	406031	3958	19	cí	⿰𤔔辛
367	賦	405948	3497	15	fù	⿰貝武
368	陵	404429	3864	10	líng	⿰阝夌
369	侍	403576	3830	8	shì	⿰亻寺
370	變	402763	4579	23	biàn	⿱䜌攵
371	圖	402604	4191	14	tú	⿴囗啚
372	原	401714	4129	10	yuán	⿸厂⿱白小
373	固	400412	4385	8	gù	⿴囗古
374	動	399174	4562	11	dòng	⿰重力
375	德	398793	3867	15	dé	⿰彳𢛳
376	楚	394827	3444	13	chǔ	⿱林疋
377	極	394581	4748	12	jí	⿰木亟
378	情	394035	4293	11	qíng	⿰忄青
379	卿	393536	3690	10	qīng	⿰𠂎即
380	臨	393089	4355	17	lín	⿰臣⿱𠂉品
381	别	392455	4331	7	bié	⿰另刂
382	敢	392211	4229	11	gǎn	⿰⿱乛耳攵
383	空	389325	4558	8	kōng	⿱穴工
384	口	387364	4562	3	kǒu	口
385	秦	387242	3615	10	qín	⿱𡗗禾
386	車	381613	4127	7	chē	⿻亘丨
387	改	381078	3876	7	gǎi	⿰己攵
388	益	380966	4349	10	yì	⿳䒑八皿
389	體	378795	4590	22	tǐ	⿰骨豊
390	弟	376952	3952	7	dì	⿱丷𢎨
391	祭	376602	3380	11	jì	⿱{21}示
392	堂	375138	4167	11	táng	⿱𫩠土
393	靈	375041	4761	24	líng	⿱霝巫
394	宣	372787	4054	9	xuān	⿱宀亘
395	殺	370892	4059	10	shā	⿰杀殳
396	火	370269	4660	4	huǒ	火
397	吏	370229	3511	6	lì	⿻一史
398	廟	369400	3544	15	miào	⿸广朝
399	便	368847	4356	9	biàn	⿰亻更
400	教	366231	4313	11	jiào	⿰孝攵
401	頭	365072	4149	16	tóu	⿰豆頁
402	半	364995	4089	5	bàn	⿻丷𰀁
403	孝	363772	3764	7	xiào	⿱耂子
404	許	362390	3986	11	xǔ	⿰訁午
405	飛	360967	4464	9	fēi	⿻𠃧⿰⿱㇒丿丨
406	往	359369	3938	8	wǎng	⿰彳主
407	著	357563	4475	11	zhù zhe	⿱艹者
408	孔	357451	3832	4	kǒng	⿰子乚
409	客	357426	3738	9	kè	⿱宀各
410	代	355227	4136	5	dài	⿰亻弋
411	永	355107	4309	5	yǒng	〾⿱丶水
412	勝	354153	4230	12	shèng	⿰月劵
413	梁	353292	3835	11	liáng	⿱𱥻木
414	病	352411	4232	10	bìng	⿸疒丙
415	乾	349135	4393	11	qián gān	⿰𠦝乞
416	川	348826	3942	3	chuān	⿲丿丨丨
417	香	348418	3987	9	xiāng	⿱禾日
418	對	347369	4368	14	duì	⿰⿱业𦍌寸
419	載	346325	4355	13	zài	⿹𢦏車
420	魏	345285	3364	17	wèi	⿰委鬼
421	引	344050	4380	4	yǐn	⿰弓丨
422	景	343631	4255	12	jǐng	⿱日京
423	尊	343528	4429	12	zūn	⿱酋寸
424	罪	342764	3877	13	zuì	⿱罒非
425	降	342400	4434	8	jiàng	⿰阝夅
426	全	341803	4489	6	quán	⿱𠆢王
427	貴	341312	4304	12	guì	⿱𠀐貝
428	亂	341212	4224	13	luàn	⿰𤔔乚
429	按	340091	3835	9	àn	⿰扌安
430	星	339266	4319	9	xīng	⿱日生
431	並	337975	4331	8	bìng	⿱䒑业
432	坐	337073	4302	7	zuò	⿻从土
433	目	337029	4583	5	mù	⿴囗𠄠
434	嵗	335775	3187	12	suì	⿱山⿵戌𣥂
435	賜	335067	3656	15	cì	⿰貝易
436	忠	334710	3707	8	zhōng	⿱中心
437	省	333479	3729	9	shěng	⿱少目
438	真	332981	3858	10	zhēn	⿱十具
439	朱	331423	4299	6	zhū	⿰㇒未
440	交	330300	4456	6	jiāo	⿱亠父
441	絶	329911	4422	12	jué	⿰糹色
442	甲	328899	4256	5	jiǎ	⿻日丨
443	遣	328652	3516	13	qiǎn	⿺辶𠳋
444	形	328266	4727	7	xíng	⿰开彡
445	趙	326765	3404	14	zhào	⿺走肖
446	向	325798	4499	6	xiàng	⿱㇒冋
447	仲	325694	3684	6	zhòng	⿰亻中
448	兮	325466	2699	4	xī	⿱八丂
449	執	324453	4164	11	zhí	⿰幸{20}
450	賊	323721	3468	13	zéi	⿰貝戎
451	惡	323529	4362	12	è	⿱亞心
452	說	323255	3985	14	shuō	⿰訁兌
453	歌	322528	3864	14	gē	⿰哥欠
454	解	320839	4560	13	jiě	⿰角𭷔
455	散	320632	4524	12	sàn	⿰⿱龷⺝攵
456	承	320600	4142	8	chéng	⿻氶三
457	拜	320210	3838	9	bài	⿰⿱㇒⿻二丿⿻干二
458	容	319673	4347	10	róng	⿱宀谷
459	考	316358	4070	6	kǎo	⿱耂丂
460	韻	316149	2839	19	yùn	⿰音員
461	精	315780	4829	14	jīng	⿰米青
462	室	314931	4356	9	shì	⿱宀至
463	盛	313910	4247	11	shèng	⿱成皿
464	存	313154	4691	6	cún	⿸{57}子
465	后	312581	3381	6	hòu	⿸𠂋口
466	嘉	312408	3615	14	jiā	⿱壴加
467	高	312386	3572	10	gāo	⿳亠口冋
468	表	311909	4108	8	biǎo	⿱龶𧘇
469	性	311892	4277	8	xìng	⿰忄生
470	手	311679	4363	4	shǒu	⿱㇒⿻二亅
471	順	311119	4090	12	shùn	⿰川頁
472	妻	309852	3378	8	qī	⿱⿻⿱一{43}丨女
473	留	308801	4076	10	liú	⿱⿰{58}刀田
474	鄉	307080	3508	11	xiāng	⿰乡郎
475	送	306783	3689	9	sòng	⿺辶关
476	共	306410	4301	6	gòng	⿱龷八
477	告	306260	3987	7	gào	⿱𠂒口
478	儀	305694	4033	15	yí	⿰亻義
479	濟	302697	4216	17	jì	⿰氵齊
480	落	302486	4172	12	luò	⿱艹洛
481	吉	301691	3954	6	jí	⿱士口
482	楊	301195	3517	13	yáng	⿰木昜
483	似	300722	4137	6	sì	⿰亻以
484	才	300354	3906	3	cái	⿹𬺰㇒
485	視	300089	4330	11	shì	⿰礻見
486	備	298851	4235	12	bèi	⿰亻𤰇
487	湖	298470	3074	12	hú	⿰氵胡
488	職	297679	3499	18	zhí	⿰耳戠
489	徒	297528	4121	10	tú	⿰彳走
490	滿	296638	4299	14	mǎn	⿰氵㒼
491	俱	296572	4373	10	jù	⿰亻具
492	亡	295635	4183	3	wáng	⿱亠𠃊
493	紀	295251	4184	9	jì	⿰糹己
494	要	294654	4608	9	yào	⿱覀女
495	登	294548	4276	12	dēng	⿱癶豆
496	除	294508	4410	9	chú	⿰阝余
497	但	294438	4377	7	dàn	⿰亻旦
498	遺	294236	4077	15	yí	⿺辶貴
499	臺	293852	3986	14	tái	⿳吉冖至
500	號	291928	4318	13	hào	⿰号虎
501	敬	291594	3940	12	jìng	⿰苟攵
502	獻	290863	3600	20	xiàn	⿰鬳犬
503	隨	289852	4540	14	suí	⿰阝遀
504	良	289666	4191	7	liáng	⿱丶艮
505	衛	289063	3573	15	wèi	⿲彳韋亍
506	誠	288802	4096	13	chéng	⿰訁成
507	康	288328	3749	11	kāng	⿸广隶
508	曲	287808	4163	6	qū	⿻口卄
509	伏	287588	4373	6	fú	⿰亻犬
510	序	287411	4076	7	xù	⿸广予
511	丹	287260	4315	4	dān	⿻⿻⺆一丶
512	每	287187	3947	7	měi	⿱𠂉母
513	寧	285508	3851	14	níng	⿱寍丁
514	丁	284553	3910	2	dīng	⿱一亅
515	再	283040	4198	6	zài	⿱一冉
516	殿	283032	3300	13	diàn	⿰𡱒殳
517	指	282784	4269	9	zhǐ	⿰扌旨
518	戰	282335	3550	16	zhàn	⿰單戈
519	授	281694	4052	11	shòu	⿰扌受
520	計	281535	3934	9	jì	⿰訁十
521	飲	281173	4010	12	yǐn	⿰飠欠
522	離	279906	4509	18	lí	⿰离隹
523	比	279776	4089	4	bǐ	⿰⿺乚一匕
524	畫	279560	3656	12	huà	⿱𤱪一
525	設	279159	3865	11	shè	⿰訁殳
526	魯	278869	3294	15	lǔ	⿱魚日
527	升	278403	3887	4	shēng	⿱㇒廾
528	布	278349	4172	5	bù	⿸𠂇巾
529	輕	277996	4386	14	qīng	⿰車巠
530	仙	277757	4036	5	xiān	⿰亻山
531	遷	276889	3847	15	qiān	⿺辶⿱䙲巳
532	恩	276782	3865	10	ēn	⿱因心
533	昭	275759	3763	9	zhāo	⿰日召
534	久	275712	3984	3	jiǔ	久
535	具	275498	4252	8	jù	⿱{73}八
536	末	274543	4149	5	mò	⿻一木
537	工	274389	3745	3	gōng	⿱丅一
538	題	274135	3464	18	tí	⿺是頁
539	葉	273601	3741	12	yè	⿱艹枼
540	尺	273220	3947	4	chǐ	⿸尸㇏
541	兼	272180	3951	10	jiān	⿱丷⿻⿳一{43}八⿰丨丨
542	類	270873	4106	19	lèi	⿰⿱米犬頁
543	姓	270481	3888	8	xìng	⿰女生
544	泉	270253	3914	9	quán	⿱白水
545	特	270227	3867	10	tè	⿰牜寺
546	面	269737	4185	9	miàn	⿱丆囬
547	疑	269346	4115	14	yí	⿰𠤕⿱龴疋
548	列	268890	4313	6	liè	⿰歹刂
549	運	268659	4319	12	yùn	⿺辶軍
550	福	268424	4196	13	fú	⿰礻畐
551	吳	267115	3026	7	wú	⿺⿱𠃑大口
552	養	267028	4335	14	yǎng	⿱𦍌食
553	句	266892	3685	5	jù	⿹勹口
554	某	266848	3182	9	mǒu	⿱甘木
555	待	266816	4076	9	dài	⿰彳寺
556	斯	266301	4158	12	sī	⿰其斤
557	寺	265021	2937	6	sì	⿱土寸
558	業	264558	4021	13	yè	⿱业𦍎
559	疾	263808	4101	10	jí	⿸疒矢
560	予	263195	3417	4	yǔ	⿱龴𠄐
561	羣	262913	3792	13	qún	⿱君羊
562	連	262011	4041	10	lián	⿺辶車
563	轉	260406	4463	18	zhuǎn	⿰車專
564	竹	260158	3555	6	zhú	⿰⿱𠂉丨⿱𠂉亅
565	孟	259976	3504	8	mèng	⿱子皿
566	美	259954	3900	9	měi	⿱𦍌大
567	遇	258178	4325	12	yù	⿺辶禺
568	保	258108	4215	9	bǎo	⿰亻呆
569	愛	258108	4072	13	ài	⿳爫冖𢖻
570	彼	256665	3926	8	bǐ	⿰彳皮
571	謝	256262	3731	17	xiè	⿰訁射
572	克	256208	3436	7	kè	⿱十兄
573	就	254987	4233	12	jiù	⿰京尤
574	總	254709	4072	17	zǒng	⿰糹悤
575	魚	254234	3924	11	yú	⿳⺈田灬
576	微	253696	4430	13	wēi	⿰彳𢼸
577	伐	253245	3477	6	fá	⿰亻戈
578	胡	252904	3647	9	hú	⿰古月
579	監	252786	3402	14	jiān	⿱⿰臣⿱𠂉丶皿
580	冬	252674	3945	5	dōng	⿱夂⺀
581	樹	252065	3599	16	shù	⿰木尌
582	杜	251651	3459	7	dù	⿰木土
583	昌	251329	3785	8	chāng	⿱日日
584	俗	250541	4049	9	sú	⿰亻谷
585	蓋	250361	3947	13	gài	⿱艹盍
586	讀	250146	3802	22	dú	⿰訁賣
587	報	250080	3869	12	bào	⿰幸𠬝
588	典	249772	3772	8	diǎn	⿱⿻𠀇⿰丨丨八
589	虚	248416	4182	11	xū	⿸虍业
590	邑	247105	3290	7	yì	⿱口巴
591	徐	246740	3681	10	xú	⿰彳余
592	率	246737	3609	11	lǜ	⿳亠⿴{11}幺十
593	湯	246421	3576	12	tāng	⿰氵昜
594	疏	246233	2975	12	shū	⿰𤴔㐬
595	祀	246213	3216	7	sì	⿰礻巳
596	韓	246145	3309	17	hán	⿰𠦝韋
597	婦	246072	3707	11	fù	⿰女帚
598	退	246068	4115	9	tuì	⿺辶艮
599	喜	245355	4138	12	xǐ	⿱壴口
600	察	244869	3815	14	chá	⿱宀祭
601	野	243829	3910	11	yě	⿰里予
602	夷	242272	3847	6	yí	⿻大弓
603	昔	241988	4081	8	xī	⿱龷日
604	領	241081	3588	14	lǐng	⿰令頁
605	刺	240314	3149	8	cì	⿰朿刂
606	慶	240176	3807	15	qìng	⿸{55}⿱乛𢖻
607	刑	240150	3503	6	xíng	⿰开刂
608	依	239482	4482	8	yī	⿰亻衣
609	積	239162	4252	16	jī	⿰禾責
610	管	239050	3681	14	guǎn	⿱𥫗官
611	他	238892	4207	5	tā	⿰亻也
612	巳	238410	3802	3	sì	巳
613	召	238312	3764	5	zhào	⿱刀口
614	澤	237505	4029	16	zé	⿰氵睪
615	素	236793	4244	10	sù	⿱龶糸
616	廷	236516	3083	6	tíng	⿺廴𡈼
617	須	235758	4365	12	xū	⿰彡頁
618	期	235750	4033	12	qī	⿰其月
619	傷	235572	4078	13	shāng	⿰亻𬀷
620	識	235500	4279	19	shí shì	⿰訁戠
621	厚	235373	3892	9	hòu	⿸厂㫗
622	叔	235054	3369	8	shū	⿰尗又
623	窮	234783	4351	15	qióng	⿱穴躬
624	恐	234393	4100	10	kǒng	⿱巩心
625	申	234379	3867	5	shēn	⿻日丨
626	撫	232795	3188	15	fǔ	⿰扌無
627	到	232435	3851	8	dào	⿰至刂
628	補	232119	3743	12	bǔ	⿰衤甫
629	感	231688	4292	13	gǎn	⿱咸心
630	誰	231356	3649	15	shuí shéi	⿰訁隹
631	雪	231119	3532	11	xuě	⿱雨𫜹
632	藥	230023	3846	18	yào	⿱艹樂
633	器	229877	3840	16	qì	⿳吅犬吅
634	藏	229794	4437	17	cáng	⿱艹臧
635	顧	228789	3851	21	gù	⿰雇頁
636	照	228708	4127	13	zhào	⿱昭灬
637	延	228013	4102	6	yán	⿺廴⿱㇒{117}
638	燕	227933	3447	16	yàn	⿳廿⿴北口灬
639	廢	227751	3704	15	fèi	⿸广發
640	蘇	227655	3439	19	sū	⿱艹穌
641	幾	226664	3760	12	jǐ	⿻{29}人
642	息	226201	4349	10	xī	⿱自心
643	崇	225839	3717	11	chóng	⿱山宗
644	户	225818	3581	4	hù	⿱丶尸
645	赤	225799	4256	7	chì	⿱土⿻⿰丿亅八
646	陸	225483	3937	10	lù	⿰阝坴
647	釋	225145	3822	20	shì	⿰釆睪
648	庭	225033	4162	9	tíng	⿸广廷
649	曹	224720	3528	11	cáo	⿱{98}日
650	溪	224039	3016	13	xī	⿰氵奚
651	幸	223889	3698	8	xìng	⿱土𢆉
652	鎮	223877	3228	18	zhèn	⿰釒真
653	威	223844	3988	9	wēi	⿵戌女
654	苦	223664	4281	8	kǔ	⿱艹古
655	憂	223447	3849	15	yōu	⿱{36}𢖻
656	營	223414	3702	16	yíng	⿱𤇾吕
657	将	223320	2235	9	jiāng	⿰丬𪧷
658	亭	222607	3099	9	tíng	⿱{87}丁
659	遊	222513	3963	12	yóu	⿺辶斿
660	射	222503	3550	10	shè	⿰身寸
661	汝	222443	3561	6	rǔ	⿰氵女
662	呼	222086	4052	8	hū	⿰口乎
663	私	221744	3683	7	sī	⿰禾厶
664	闕	221233	4171	18	què	⿵門欮
665	牛	220677	3851	4	niú	⿰㇒𰀁
666	越	220545	3875	12	yuè	⿺走戉
667	余	220484	3254	7	yú	⿱𠆢⿱一朩
668	勞	220369	3939	12	láo	⿱𤇾力
669	羅	220175	4018	19	luó	⿱罒維
670	兄	219832	3481	5	xiōng	⿱口儿
671	謀	219661	3529	16	móu	⿰訁某
672	願	218604	4083	19	yuàn	⿰原頁
673	參	218089	3939	11	cān	⿱厽㐱
674	嚴	218020	3903	19	yán	⿱吅𠪚
675	端	217736	4223	14	duān	⿰立耑
676	推	217308	4099	11	tuī	⿰扌隹
677	急	216745	3962	9	jí	⿱刍心
678	録	215972	3944	16	lù	⿰釒录
679	庶	215773	3704	11	shù	⿸广⿱廿灬
680	免	215472	3910	7	miǎn	⿱⺈⿸⿻口丿乚
681	冠	215220	3926	9	guān	⿱冖㝴
682	商	215197	3593	11	shāng	⿳亠丷冏
683	丞	214693	2834	6	chéng	⿱氶一
684	員	214337	2474	10	yuán	⿱口貝
685	篇	214337	3997	15	piān	⿱𥫗扁
686	結	214189	4351	12	jié	⿰糹吉
687	雅	213973	3347	12	yǎ	⿰牙隹
688	給	213840	3088	12	gěi	⿰糹合
689	邊	213676	3581	18	biān	⿺辶臱
690	敗	213253	3622	11	bài	⿰貝攵
691	己	213112	3737	3	jǐ	己
692	寸	212937	3705	3	cùn	⿹𬺰丶
693	銀	212855	3255	14	yín	⿰釒艮
694	勢	212618	3657	13	shì	⿱埶力
695	調	212319	3797	15	diào	⿰訁周
696	幽	212219	4192	9	yōu	⿻山𢆶
697	院	211968	2744	9	yuàn	⿰阝完
698	淮	211876	3148	11	huái	⿰氵隹
699	辰	211636	4120	7	chén	⿸厂⿱二{25}
700	貞	211119	3447	9	zhēn	⿱⺊貝
701	持	210857	4300	9	chí	⿰扌寺
702	熱	210365	2936	15	rè	⿱埶灬
703	施	210128	4245	9	shī	⿰方㐌
704	騎	209671	3086	18	qí	⿰馬奇
705	破	209356	3995	10	pò	⿰石皮
706	害	208680	3916	10	hài	⿱𫲸口
707	松	208540	3225	8	sōng	⿰木公
708	樓	207935	3178	15	lóu	⿰木婁
709	博	207151	3628	12	bó	⿰十尃
710	附	207115	3775	7	fù	⿰阝付
711	紅	206604	3144	9	hóng	⿰糹工
712	甘	206115	3853	5	gān	⿴廿一
713	寳	206077	3979	19	bǎo	⿳宀珎貝
714	差	206048	3971	9	chà chā	⿸⺶工
715	陛	205863	2410	9	bì	⿰阝坒
716	池	205830	3701	6	chí	⿰氵也
717	簡	205617	4011	18	jiǎn	⿱𥫗間
718	儒	204120	3510	16	rú	⿰亻需
719	達	203423	3909	12	dá	⿺辶𦍒
720	權	202940	3632	21	quán	⿰木雚
721	繼	202877	3576	20	jì	⿰糹㡭
722	宿	202810	4163	11	sù	⿱宀佰
723	收	202797	3969	6	shōu	⿰丩攵
724	虎	202763	4187	8	hǔ	⿸虍几
725	孤	202608	3677	8	gū	⿰子瓜
726	造	202330	4316	10	zào	⿺辶告
727	謹	202095	4238	18	jǐn	⿰訁堇
728	舟	201333	3481	6	zhōu	⿻𠔾⿱丶丶
729	夢	201252	3535	13	mèng	⿳⿱艹罒冖夕
730	鳥	200971	3672	11	niǎo	⿹{47}灬
731	无	200860	1824	4	wú	⿱一尢
732	仍	200708	3746	4	réng	⿰亻乃
733	移	200373	3995	11	yí	⿰禾多
734	詳	199578	3758	13	xiáng	⿰訁羊
735	閣	199533	3127	14	gé	⿵門各
736	邪	198970	4058	6	xié	⿰牙阝
737	統	198846	3476	12	tǒng	⿰糹充
738	盖	198173	2977	11	gài	⿱𦍌皿
739	據	197877	3583	16	jù	⿰扌豦
740	聽	197715	3985	22	tīng	⿰⿹耳𤣩𢛳
741	納	197018	3754	10	nà	⿰糹内
742	浮	197004	4075	10	fú	⿰氵孚
743	紫	196235	3921	12	zǐ	⿱此糸
744	務	196024	3621	10	wù	⿰矛务
745	虞	195580	3502	13	yú	⿸虍吴
746	卦	195214	2709	8	guà	⿰圭卜
747	休	194939	3968	6	xiū	⿰亻木
748	果	194932	4093	8	guǒ	⿻日木
749	適	194702	3869	14	shì	⿺辶啇
750	角	194169	3785	7	jiǎo	⿱⺈用
751	筆	193613	3507	12	bǐ	⿱𥫗聿
752	沙	193424	3561	7	shā	⿰氵少
753	咸	193244	3855	9	xián	⿵戊𠮛
754	斷	193121	4116	18	duàn	⿰㡭斤
755	念	192879	4116	8	niàn	⿱今心
756	被	192019	3989	10	bèi	⿰衤皮
757	細	191911	3927	11	xì	⿰糹田
758	忽	190628	4007	8	hū	⿱勿心
759	督	190370	2584	13	dū	⿱叔目
760	并	189596	3846	6	bìng	⿱丷开
761	懐	189242	3002	16	huái	⿰忄⿱亠𭾱
762	温	189027	3693	12	wēn	⿰氵昷
763	友	188823	3674	4	yǒu	⿸𠂇又
764	攻	188796	3172	7	gōng	⿰工攵
765	禁	188558	3899	13	jìn	⿱林示
766	季	187069	3578	8	jì	⿱禾子
767	寄	186809	3464	11	jì	⿱宀奇
768	爵	186795	3062	17	jué	⿳爫罒𡬠
769	来	186626	2277	7	lái	⿻未丷
770	兒	186398	3653	8	ér	⿱臼儿
771	詞	185304	3497	12	cí	⿰訁司
772	谷	185052	3819	7	gǔ	⿳八𠆢口
773	選	185031	3180	15	xuǎn	⿺辶巽
774	律	184721	3668	9	lǜ	⿰彳聿
775	贈	184703	2737	19	zèng	⿰貝曾
776	恭	184441	4078	10	gōng	⿱共⺗
777	揚	184138	3923	12	yáng	⿰扌昜
778	血	184080	3738	6	xuè	⿱㇒皿
779	獲	183858	3821	16	huò	⿰犭蒦
780	舍	183193	3770	8	shě shè	⿱𠆢⿱干口
781	竒	182140	3469	9	qí	⿳亠丷可
782	尤	182124	3887	4	yóu	⿺尢丶
783	尋	181889	3910	12	xún	⿳𫜹⿰工口寸
784	只	181810	3461	5	zhǐ	⿱口八
785	征	181661	3236	8	zhēng	⿰彳正
786	皮	181068	3067	5	pí	⿻{84}⿱丨又
787	尉	180779	2721	11	wèi	⿰𫵖寸
788	源	180566	4064	13	yuán	⿰氵原
789	符	180299	4159	11	fú	⿱𥫗付
790	掌	180256	3662	12	zhǎng	⿱𫩠手
791	鳴	180121	3813	14	míng	⿰口鳥
792	乗	180024	3510	9	chéng	⿻禾龷
793	垂	180000	4079	8	chuí	⿱⿻千龷一
794	貢	179779	3098	10	gòng	⿱工貝
795	種	179756	3970	14	zhǒng	⿰禾重
796	校	179599	3980	10	xiào	⿰木交
797	露	179416	4030	21	lù	⿱雨路
798	剛	178819	3652	10	gāng	⿰岡刂
799	案	178758	3757	10	àn	⿱安木
800	罷	178378	3276	15	bà	⿱罒能
801	欽	178373	3803	12	qīn	⿰釒欠
802	烏	178302	3518	10	wū	⿹{54}灬
803	試	178260	3658	13	shì	⿰訁式
804	刻	178095	3849	8	kè	⿰亥刂
805	宰	177824	3544	10	zǎi	⿱宀辛
806	洞	177729	4017	9	dòng	⿰氵同
807	歴	177688	3077	14	lì	⿸𠩵止
808	品	177618	3652	9	pǐn	⿱口吅
809	笑	177029	3610	10	xiào	⿱𥫗夭
810	眞	176940	2843	10	zhēn	⿳匕⿺𠃊目八
811	丈	176698	3780	3	zhàng	⿻𠂇乀
812	碑	176298	2427	13	bēi	⿰石卑
813	忘	175911	3976	7	wàng	⿱亡心
814	郭	175507	3388	10	guō	⿰享阝
815	界	175156	3641	9	jiè	⿱田介
816	患	174212	3742	11	huàn	⿱串心
817	哀	174202	3653	9	āi	⿳亠口𧘇
818	泰	173611	3762	10	tài	⿱𡗗氺
819	榮	173404	3903	14	róng	⿱𤇾木
820	帶	173283	3745	11	dài	⿳⿻廿儿冖巾
821	富	173271	3722	12	fù	⿱宀畐
822	厯	173044	2823	13	lì	⿸𠩵⿻乚⿰丶丶
823	追	172803	3612	9	zhuī	⿺辶𠂤
824	葢	172453	2838	12	gài	⿱艹盇
825	擊	172280	3469	17	jī	⿱𣪠手
826	英	172243	3681	8	yīng	⿱艹央
827	根	172096	4296	10	gēn	⿰木艮
828	賞	172092	3364	15	shǎng	⿱𫩠貝
829	辛	172080	3711	7	xīn	⿱立十
830	豐	171886	3584	18	fēng	⿱𠁳豆
831	雜	171773	3934	18	zá	⿰𰗣隹
832	約	171678	3849	9	yuē	⿰糹勺
833	示	171563	3947	5	shì	⿱二小
834	喪	170579	3209	12	sàng	⿱⿻土吅{25}
835	副	170497	2807	11	fù	⿰畐刂
836	𤣥	170311	2436	4		⿱亠{27}
837	逆	170011	3802	9	nì	⿺辶屰
838	洪	169995	3549	9	hóng	⿰氵共
839	郊	169878	3159	8	jiāo	⿰交阝
840	莊	169486	3300	10	zhuāng	⿱艹壯
841	戒	169275	3905	7	jiè	⿹戈廾
842	隆	169226	3901	11	lóng	⿰阝㚅
843	折	169148	3783	7	zhé	⿰扌斤
844	薄	168902	3929	16	báo bó	⿱艹溥
845	悉	168827	3890	11	xī	⿱釆心
846	塵	168244	3713	14	chén	⿸鹿土
847	蕭	167963	3219	16	xiāo	⿱艹肅
848	旗	167397	2702	14	qí	⿰方⿱𠂉其
849	痛	166846	3217	12	tòng	⿸疒甬
850	驚	166705	3779	22	jīng	⿱敬馬
851	顯	165700	3958	23	xiǎn	⿰㬎頁
852	庫	165629	3635	10	kù	⿸广車
853	最	165498	3951	12	zuì	⿱日⿸耳又
854	諭	165497	2567	16	yù	⿰訁俞
855	看	165352	3088	9	kàn	⿸龵目
856	㫖	165344	3432	7		⿱上日
857	役	165343	3663	7	yì	⿰彳殳
858	羊	164949	3477	6	yáng	⿱䒑𰀁
859	朔	163598	3358	10	shuò	⿰屰月
860	蜀	163591	3072	13	shǔ	⿱罒𠣜
861	例	163546	3072	8	lì	⿰亻列
862	惠	163470	3503	12	huì	⿱{7}心
863	夕	163276	3717	3	xī	⿴𠂊丶
864	朕	162873	2200	10	zhèn	⿰月关
865	資	162690	3787	13	zī	⿱次貝
866	程	162631	3328	12	chéng	⿰禾呈
867	横	162474	3771	15	héng	⿰木黄
868	乞	161900	3204	3	qǐ	⿱𠂉乙
869	回	161894	3596	6	huí	⿴囗口
870	橋	161445	2947	16	qiáo	⿰木喬
871	味	161399	3777	8	wèi	⿰口未
872	僧	161387	2655	14	sēng	⿰亻曾
873	游	161287	3409	12	yóu	⿰氵斿
874	歲	161156	2949	13	suì	⿱止⿵戌𣥂
875	接	161140	3989	11	jiē	⿰扌妾
876	齋	160818	3749	17	zhāi	⿵齊𡭔
877	輔	160800	3624	14	fǔ	⿰車甫
878	羽	160738	3819	6	yǔ	⿰习习
879	枝	160728	3579	8	zhī	⿰木支
880	丘	160669	3418	5	qiū	⿱㇒⿺丄丅
881	乙	160509	3463	1	yǐ	乙
882	累	160452	3850	11	lèi	⿱田糸
883	毛	159782	3659	4	máo	⿱㇒⿻二乚
884	愈	159579	3644	13	yù	⿱俞心
885	米	159278	3042	6	mǐ	⿻丷木
886	帥	159221	2921	9	shuài	⿰𠂤巾
887	關	159208	3791	19	guān	⿵門𢇇
888	井	159052	3698	4	jǐng	⿻二⿰丿丨
889	顔	158983	3676	18	yán	⿰彦頁
890	蔡	158544	3023	14	cài	⿱艹祭
891	闗	158013	2613	18	guān	⿵門𢇁
892	舞	157589	3371	14	wǔ	⿱{56}舛
893	弗	157143	3182	5	fú	⿻弓⿰丿丨
894	干	157138	3987	3	gàn	⿱一十
895	陰	156965	2697	10	yīn	⿰阝侌
896	防	156733	3413	6	fáng	⿰阝方
897	鼓	156701	3711	13	gǔ	⿰壴支
898	覺	156386	3995	20	jué	⿱𦥯見
899	甫	156188	3136	7	fǔ	⿺⿻十⺝丶
900	負	156019	3909	9	fù	⿱⺈貝
901	質	155711	3903	15	zhì	⿱斦貝
902	滅	155607	4100	13	miè	⿰氵烕
903	阿	155287	3195	7	ā	⿰阝可
904	犯	155114	3615	5	fàn	⿰犭㔾
905	沈	155045	3430	7	shěn chén	⿰氵冘
906	條	154696	3893	10	tiáo	⿲亻丨条
907	祠	153720	2883	9	cí	⿰礻司
908	曽	153544	3142	11	cēng	⿱𬎿日
909	機	153236	3996	16	jī	⿰木幾
910	骨	153065	3951	10	gǔ	⿳{108}冖⺝
911	塞	152549	3755	13	sāi	⿱𡨄土
912	斗	152469	3880	4	dòu dǒu	⿽十⺀
913	放	152452	3958	8	fàng	⿰方攵
914	市	152447	3462	5	shì	⿱亠巾
915	衰	152427	3800	10	shuāi	⿳亠⿻口一𧘇
916	敵	152378	3136	15	dí	⿰啇攵
917	仰	152349	4023	6	yǎng	⿰亻卬
918	農	152323	3268	13	nóng	⿱曲辰
919	習	151707	3732	11	xí	⿱羽白
920	走	151473	3731	7	zǒu	⿱土龰
921	充	151388	3650	6	chōng	⿱亠允
922	洛	151375	3209	9	luò	⿰氵各
923	訓	151355	3282	10	xùn	⿰訁川
924	勿	150687	3977	4	wù	⿹勹⿰丿丿
925	畢	150443	4078	10	bì	⿻甲⿱⿱艹一一
926	薦	150374	3253	16	jiàn	⿱艹廌
927	乘	150312	3452	10	chéng	⿻禾北
928	禹	150068	3272	9	yǔ	⿻䖝冂
929	荆	149928	3252	9	jīng	⿰茾刂
930	覆	149590	4110	18	fù	⿱覀復
931	園	149527	3180	13	yuán	⿴囗袁
932	妙	148068	4318	7	miào	⿰女少
933	柔	148031	3554	9	róu	⿱矛木
934	震	147727	3465	15	zhèn	⿱雨辰
935	維	147643	3446	14	wéi	⿰糹隹
936	奔	147447	3547	8	bēn	⿱大卉
937	撰	147266	3752	15	zhuàn	⿰扌巽
938	危	147056	3784	6	wēi	⿸厃㔾
939	狀	147006	3642	8	zhuàng	⿰爿犬
940	巻	146945	1931	9	juàn	⿱龹己
941	賔	146939	3083	14	bīn	⿱宀𮙸
942	珠	146890	3667	10	zhū	⿰𤣩朱
943	迎	146851	3769	7	yíng	⿺辶卬
944	聚	146678	3947	14	jù	⿱取乑
945	午	146495	3637	4	wǔ	⿱𠂉十
946	候	146294	3710	10	hòu	⿲亻丨⿱{14}矢
947	智	146275	3753	12	zhì	⿱知日
948	雄	146046	3509	12	xióng	⿰厷隹
949	却	145815	3770	7	què	⿰去卩
950	社	145790	3319	7	shè	⿰礻土
951	房	145732	3840	8	fáng	⿸户方
952	男	145649	3818	7	nán	⿱田力
953	衡	145374	3470	16	héng	⿲彳𩵋亍
954	唯	145002	3680	11	wéi	⿰口隹
955	呉	144619	2524	7	wú	⿳⿺𠃑口一八
956	勤	144521	3848	13	qín	⿰堇力
957	仕	144308	3071	5	shì	⿰亻士
958	蘭	144210	3207	20	lán	⿱艹闌
959	閒	144178	2969	12	xián	⿵門月
960	蒼	143700	3488	13	cāng	⿱艹倉
961	鬼	143357	4186	9	guǐ	⿷⿱㇒⿸⿻日丿乚厶
962	科	143219	3429	9	kē	⿰禾斗
963	怒	142897	3542	9	nù	⿱奴心
964	族	142821	3191	11	zú	⿰方⿱𠂉矢
965	雷	142570	3734	13	léi	⿱雨田
966	救	142543	3733	11	jiù	⿰求攵
967	委	142459	3505	8	wěi	⿱禾女
968	吕	142287	3084	6	lǚ	⿱口口
969	愚	142282	3747	13	yú	⿱禺心
970	籍	142026	3664	20	jí	⿱𥫗耤
971	佐	141622	3313	7	zuǒ	⿰亻左
972	漸	141525	3961	14	jiàn	⿰氵斬
973	嗣	141235	3166	13	sì	⿰⿱口𠕁司
974	雍	141171	2851	13	yōng	⿱亠𱁈
975	耶	140505	3374	8	yé	⿰耳阝
976	早	140476	3705	6	zǎo	⿱日十
977	支	140319	3400	4	zhī	⿱十又
978	堅	140176	3925	11	jiān	⿱臤土
979	梅	139844	2837	11	méi	⿰木每
980	强	139284	3709	12	qiáng	⿰弓虽
981	波	139261	3350	8	bō	⿰氵皮
982	誤	139204	3645	14	wù	⿰訁吴
983	會	139197	3234	13	huì	⿱{88}𭥴
984	肅	138641	3390	13	sù	⿻肀𣶒
985	堯	138476	3140	12	yáo	⿱垚兀
986	責	138211	3248	11	zé	⿱龶貝
987	翰	137653	2934	16	hàn	⿰𠦝⿱𠆢羽
988	棄	137438	3796	12	qì	⿳亠厶⿻廿木
989	討	137119	2856	10	tǎo	⿰訁寸
990	圍	136960	3325	12	wéi	⿴囗韋
991	殊	136834	4031	10	shū	⿰歹朱
992	伊	136369	3117	6	yī	⿰亻尹
993	穆	136326	2929	16	mù	⿰禾㣎
994	懼	136254	3374	21	jù	⿰忄瞿
995	乆	136247	3086	3	jiǔ	乆
996	扵	136180	1369	7	yú	⿰扌仒
997	厥	136102	3154	12	jué	⿸厂欮
998	竊	135977	3428	22	qiè	⿱穴⿰釆⿳⺊𠔿⿵冂厶
999	姑	135786	3390	8	gū	⿰女古
1000	墓	135669	2857	13	mù	⿱莫土
1001	銘	135560	2583	14	míng	⿰釒名
1002	庚	135408	3391	8	gēng	⿸广⿻{43}人
1003	邦	135368	3097	6	bāng	⿰丰阝
1004	肉	135232	3618	6	ròu	⿵内人
1005	鼎	135092	3560	12	dǐng	⿶𤕰目
1006	辨	134876	3551	16	biàn	⿲辛⿰丶丿辛
1007	桓	134829	2722	10	huán	⿰木亘
1008	提	134536	3873	12	tí	⿰扌是
1009	丸	134264	2518	3	wán	⿻九丶
1010	兹	134058	3323	9	zī	⿱䒑𢆶
1011	徃	133905	2928	8	wǎng	⿰彳生
1012	夀	133776	3025	14	shòu	⿱⿻⿱𠄟乛𠀐吋
1013	桂	133456	2733	10	guì	⿰木圭
1014	裏	133427	3539	13	lǐ	⿳亠里𧘇
1015	屋	132911	3592	9	wū	⿸尸至
1016	境	132798	3633	14	jìng	⿰土竟
1017	増	132705	2937	14	zēng	⿰土曽
1018	舜	132628	3077	12	shùn	⿳爫冖舛
1019	禄	132498	3238	12	lù	⿰礻录
1020	祥	132415	3682	10	xiáng	⿰礻羊
1021	稽	132288	3784	15	jī	⿰禾⿱尤旨
1022	畏	132126	3660	9	wèi	⿳田一{25}
1023	鍾	131337	3417	17	zhōng	⿰釒重
1024	駕	131265	3580	15	jià	⿱加馬
1025	編	131104	3484	15	biān	⿰糹扁
1026	范	131076	2948	9	fàn	⿱艹氾
1027	襄	130865	2798	17	xiāng	⿱亠𱔞
1028	隱	130649	3709	16	yǐn	⿰阝㥯
1029	雙	130527	3293	18	shuāng	⿱雔又
1030	翻	130511	2896	18	fān	⿰番羽
1031	霜	129715	3415	17	shuāng	⿱雨相
1032	鹽	129410	2650	24	yán	⿱⿰臣⿱𠂉鹵皿
1033	術	129321	3834	11	shù	⿲彳术亍
1034	秀	129282	3404	7	xiù	⿱禾乃
1035	避	128847	3702	16	bì	⿺辶辟
1036	醉	128830	3080	15	zuì	⿰酉卒
1037	丙	128464	3018	5	bǐng	⿱一内
1038	班	128457	3251	10	bān	⿲𤣩⿰丶丿王
1039	僕	128336	3129	14	pú	⿰亻菐
1040	靖	128324	2931	13	jìng	⿰立青
1041	量	128283	3877	12	liàng	⿱旦里
1042	坤	128246	3235	8	kūn	⿰土申
1043	戎	128133	3047	6	róng	⿹戈𠂇
1044	講	127949	3170	17	jiǎng	⿰訁冓
1045	逐	127921	3872	10	zhú	⿺辶豕
1046	曾	127909	3368	12	céng	⿱丷𭥴
1047	註	127810	2389	12	zhù	⿰訁主
1048	悲	127668	3590	12	bēi	⿱非心
1049	均	127537	3472	7	jūn	⿰土匀
1050	墨	127217	3365	15	mò	⿱黑土
1051	尹	126012	3098	4	yǐn	⿻{43}丿
1052	芳	125989	2964	7	fāng	⿱艹方
1053	慮	125791	3656	15	lǜ	⿸虍思
1054	盟	125774	2770	13	méng	⿱明皿
1055	况	125709	3373	7	kuàng	⿰冫兄
1056	誅	125685	3075	13	zhū	⿰訁朱
1057	賈	125103	3182	13	jiǎ	⿱覀貝
1058	廬	124701	3192	19	lú	⿸广盧
1059	假	124326	3928	11	jiǎ	⿰亻叚
1060	殷	124234	3085	10	yīn	⿰㐆殳
1061	隠	124108	2826	13	yǐn	⿰阝𢚩
1062	采	124068	3209	8	cǎi	⿱爫木
1063	荒	123995	3453	9	huāng	⿱艹巟
1064	赴	123384	3183	9	fù	⿺走卜
1065	專	123136	3674	11	zhuān	⿱{7}寸
1066	禍	122814	3718	12	huò	⿰礻咼
1067	獄	122809	3127	14	yù	⿲犭言犬
1068	弱	122611	3589	10	ruò	⿰⿹弓冫⿹弓冫
1069	懷	122606	3296	19	huái	⿰忄褱
1070	錫	122286	3786	16	xī	⿰釒易
1071	熟	122249	3688	15	shú	⿱孰灬
1072	否	122128	3648	7	fǒu	⿱不口
1073	葬	121956	2570	12	zàng	⿳艹死廾
1074	吹	121431	3213	7	chuī	⿰口欠
1075	絲	121370	3315	12	sī	⿰糹糸
1076	財	121291	3309	10	cái	⿰貝才
1077	格	121083	3493	10	gé	⿰木各
1078	消	120923	4084	10	xiāo	⿰氵肖
1079	貧	120916	3445	11	pín	⿱分貝
1080	稍	120744	3356	12	shāo	⿰禾肖
1081	凶	120631	3298	4	xiōng	⿶凵㐅
1082	牧	120588	3134	8	mù	⿰牜攵
1083	熙	120548	2378	14	xī	⿱巸灬
1084	怨	120448	3353	9	yuàn	⿱夗心
1085	襲	120106	3017	22	xí	⿱龍衣
1086	愁	119529	2795	13	chóu	⿱秋心
1087	腹	119528	3427	13	fù	⿰月复
1088	助	119524	3670	7	zhù	⿰且力
1089	革	119509	3093	9	gé	⿱廿⿻中一
1090	險	119472	3177	15	xiǎn	⿰阝僉
1091	宻	119417	3288	10	mì	⿳宀⿻又丷山
1092	旦	119375	3712	5	dàn	⿱日一
1093	嶺	119211	2625	17	lǐng	⿱山領
1094	桑	119189	3418	10	sāng	⿱叒木
1095	翠	119079	2633	14	cuì	⿱羽卒
1096	屯	118931	2693	4	tún	⿻一𡳾
1097	招	118878	3593	8	zhāo	⿰扌召
1098	逢	118523	3507	10	féng	⿺辶夆
1099	黨	118340	2967	20	dǎng	⿱𫩠黑
1100	翁	118298	2989	10	wēng	⿱公羽
1101	額	118247	2478	18	é	⿰客頁
1102	翼	118160	3423	17	yì	⿱羽異
1103	傅	118119	3083	12	fù	⿰亻尃
1104	船	117997	2596	11	chuán	⿰舟⿱𠘧口
1105	祝	117978	3286	9	zhù	⿰礻兄
1106	竟	117887	3640	11	jìng	⿱音儿
1107	寛	117499	3128	13	kuān	⿱宀莧
1108	費	117490	3806	12	fèi	⿱弗貝
1109	曉	117210	3560	16	xiǎo	⿰日堯
1110	暮	117130	3305	14	mù	⿱莫日
1111	築	116966	2962	16	zhú	⿱筑木
1112	輿	116926	3342	17	yú	⿳⿴𦥑車一八
1113	履	116902	3742	15	lǚ	⿸尸復
1114	淵	116572	3656	12	yuān	⿰氵𣶒
1115	陶	116334	3384	10	táo	⿰阝匋
1116	鶴	116128	3156	21	hè	⿰隺鳥
1117	碧	115575	2969	14	bì	⿱珀石
1118	損	115528	3680	13	sǔn	⿰扌員
1119	桃	115425	3128	10	táo	⿰木兆
1120	壁	114872	3258	16	bì	⿱辟土
1121	振	114502	3514	10	zhèn	⿰扌辰
1122	糧	114235	2385	18	liáng	⿰米量
1123	縱	114170	3869	17	zòng	⿰糹從
1124	席	113919	3331	10	xí	⿸广⿱廿巾
1125	倉	113769	3067	10	cāng	⿱⿵𠆢丶⿸{95}口
1126	玄	113583	2022	5	xuán	⿱亠幺
1127	投	113103	3707	7	tóu	⿰扌殳
1128	紹	112950	2745	11	shào	⿰糹召
1129	違	112823	3681	12	wéi	⿺辶韋
1130	影	112522	3329	15	yǐng	⿰景彡
1131	寅	112334	3175	11	yín	⿱宀⿳一由八
1132	巖	112129	2865	22	yán	⿱山嚴
1133	錦	112024	3104	16	jǐn	⿰釒帛
1134	壯	111789	3373	7	zhuàng	⿰爿士
1135	屈	111785	3548	8	qū	⿸尸出
1136	減	111765	2882	12	jiǎn	⿰氵咸
1137	階	111726	3221	11	jiē	⿰阝皆
1138	辟	111705	3372	13	pì	⿰𡰪辛
1139	宇	111538	3514	6	yǔ	⿱宀于
1140	戊	111531	2941	5	wù	⿰丿戈
1141	判	111165	3124	7	pàn	⿰半刂
1142	徑	111116	3515	10	jìng	⿰彳巠
1143	供	111057	3440	8	gōng	⿰亻共
1144	勸	110935	3412	19	quàn	⿰雚力
1145	寡	110770	3358	14	guǎ	⿱宀𪟊
1146	盤	110607	3379	15	pán	⿱般皿
1147	逸	110359	3543	11	yì	⿺辶兔
1148	畧	110337	3027	11	lüè	⿱田各
1149	印	110260	3006	5	yìn	⿰{72}卩
1150	侵	110206	3454	9	qīn	⿰亻𠬶
1151	佛	109791	2724	7	fú	⿰亻弗
1152	憲	109691	2765	16	xiàn	⿳𫲸罒心
1153	貫	109029	3553	11	guàn	⿱毌貝
1154	吐	108934	3340	6	tǔ	⿰口土
1155	䇿	108573	2880	13		⿱𥫗束
1156	述	108433	3651	8	shù	⿺辶术
1157	賀	108425	2766	12	hè	⿱加貝
1158	庸	108249	3208	11	yōng	⿸广𬎾
1159	慈	108196	3610	13	cí	⿱兹心
1160	栁	108079	2596	9	liǔ	⿰木夘
1161	豫	107874	3063	15	yù	⿰予象
1162	毒	107873	3317	9	dú	⿱龶母
1163	勒	107837	2656	11	lēi	⿰革力
1164	稷	107508	2957	15	jì	⿰禾畟
1165	步	107391	3206	7	bù	⿱止𣥂
1166	䝉	107324	2640	13		⿱{4}豕
1167	背	107142	3806	9	bèi	⿱北⺝
1168	密	107083	2978	11	mì	⿱宓山
1169	衞	106898	2470	16	wèi	⿲彳𮧮亍
1170	渡	106724	2911	12	dù	⿰氵度
1171	占	106698	3159	5	zhàn	⿱⺊口
1172	材	106648	3128	7	cái	⿰木才
1173	諫	106606	2657	16	jiàn	⿰訁柬
1174	介	106434	3125	4	jiè	⿱𠆢⿰丿丨
1175	祐	106368	2898	9	yòu	⿰礻右
1176	壬	106270	2924	4	rén	⿱㇒士
1177	索	106191	3537	10	suǒ	⿱{44}糸
1178	童	106084	3935	12	tóng	⿱立里
1179	短	106018	3688	12	duǎn	⿰矢豆
1180	巴	105699	2379	4	bā	⿻巳丨
1181	循	105522	3431	12	xún	⿰彳盾
1182	館	105478	2987	16	guǎn	⿰飠官
1183	軒	105411	3222	10	xuān	⿰車干
1184	眼	105305	3325	11	yǎn	⿰目艮
1185	爭	105142	3380	8	zhēng	⿱爫⿻{43}亅
1186	寶	104993	2721	20	bǎo	⿱𡩧貝
1187	卜	104852	3199	2	bo bǔ	卜
1188	龜	104799	3470	17	guī	⿱㇒⿷⿹{90}{64}{65}
1189	堪	104757	3345	12	kān	⿰土甚
1190	渠	104501	2950	11	qú	⿱洰木
1191	扶	104420	3728	7	fú	⿰扌夫
1192	答	104361	3236	12	dá	⿱𥫗合
1193	麻	104274	3070	11	má	⿸广林
1194	㣲	104029	2794	14	wéi	⿲彳⿱山𠮛攵
1195	斬	103810	2883	11	zhǎn	⿰車斤
1196	佳	103805	3065	8	jiā	⿰亻圭
1197	村	103606	2471	7	cūn	⿰木寸
1198	盈	103532	3757	9	yíng	⿱夃皿
1199	盧	103514	2936	16	lú	⿸虍𰤷
1200	洗	103419	3325	9	xǐ	⿰氵先
1201	偏	103367	3644	11	piān	⿰亻扁
1202	麗	103121	3327	19	lì	⿱⿰⿱一⿵冂丶⿱一⿵冂丶鹿
1203	隋	103057	2470	11	suí	⿰阝⿱左⺝
1204	殘	103023	3404	12	cán	⿰歹戔
1205	式	102775	3093	6	shì	⿹弋工
1206	壽	102772	3273	14	shòu	⿳⿳士乛工一吋
1207	允	102676	2856	4	yǔn	⿱厶儿
1208	妄	102480	3859	6	wàng	⿱亡女
1209	孰	102400	3397	11	shú	⿰享{20}
1210	旅	102346	3110	10	lǚ	⿰方⿱𠂉{15}
1211	晚	102331	3081	11	wǎn	⿰日免
1212	巡	102187	2503	6	xún	⿺辶巛
1213	卑	102160	3418	8	bēi	⿱⿱㇒⿻日丿十
1214	洲	102160	2555	9	zhōu	⿰氵州
1215	際	102140	3848	13	jì	⿰阝祭
1216	繫	102041	3510	19	xì	⿱𣪠糸
1217	徴	101849	2703	14	zhēng	⿲彳⿱山王攵
1218	塘	101597	2278	13	táng	⿰土唐
1219	靜	101589	3651	16	jìng	⿰青爭
1220	宅	101486	3582	6	zhái	⿱宀乇
1221	配	101437	3219	10	pèi	⿰酉己
1222	𢎞	101272	2012	4		⿰弓𠃋
1223	丑	101221	2841	4	chǒu	⿻{42}丨
1224	虛	101071	3217	12	xū	⿸虍{70}
1225	歎	101070	3150	15	tàn	⿰𦰩欠
1226	毎	100971	2779	6	měi	⿱𠂉毋
1227	頃	100953	3277	11	qǐng	⿰匕頁
1228	尾	100629	3477	7	wěi	⿸尸毛
1229	冷	100609	2726	7	lěng	⿰冫令
1230	勇	100485	3053	9	yǒng	⿱甬力
1231	享	100446	3108	8	xiǎng	⿳亠口子
1232	遲	100367	3388	15	chí	⿺辶犀
1233	吟	100207	2871	7	yín	⿰口今
1234	倚	100107	3373	10	yǐ	⿰亻奇
1235	徙	100006	2759	11	xǐ	⿰彳歨
1236	審	100001	3438	15	shěn	⿱宀番
1237	蒙	99875	3385	13	méng	⿱艹冡
1238	弓	99848	3115	3	gōng	⿱{50}㇉
1239	含	99725	3738	7	hán	⿱今口
1240	頗	99556	3399	14	pō pǒ	⿰皮頁
1241	擇	99314	3369	16	zé	⿰扌睪
1242	耕	99186	3071	10	gēng	⿰耒井
1243	奪	99131	3479	14	duó	⿱奞寸
1244	爻	99019	1709	4	yáo	⿱㐅乂
1245	效	98884	3413	10	xiào	⿰交攵
1246	酉	98707	2902	7	yǒu	⿱一⿴𠁤一
1247	静	98663	2862	14	jìng	⿰青争
1248	略	98580	3348	11	lüè	⿰田各
1249	慎	98577	3108	13	shèn	⿰忄真
1250	鴻	98498	3073	17	hóng	⿰江鳥
1251	癸	98458	2844	9	guǐ	⿱癶天
1252	崔	98408	2750	11	cuī	⿱山隹
1253	煩	98254	3462	13	fán	⿰火頁
1254	豆	98075	2766	7	dòu	⿱𠮛䒑
1255	烈	97811	3211	10	liè	⿱列灬
1256	惜	97609	3431	11	xī	⿰忄昔
1257	詣	97343	2823	13	yì	⿰訁旨
1258	産	97117	3067	11	chǎn	⿸产生
1259	困	96849	3356	7	kùn	⿴囗木
1260	煙	96648	2702	13	yān	⿰火垔
1261	茂	96622	3197	8	mào	⿱艹戊
1262	馳	96421	3334	13	chí	⿰馬也
1263	彦	96312	2513	9	yàn	⿸产彡
1264	宴	96260	3109	10	yàn	⿱宀妟
1265	兆	96109	3511	6	zhào	⿻儿{11}
1266	純	95958	3507	10	chún	⿰糹屯
1267	災	95643	3178	7	zāi	⿱巛火
1268	烟	95519	2421	10	yān	⿰火因
1269	續	95497	3484	21	xù	⿰糹賣
1270	賤	95492	3493	15	jiàn	⿰貝戔
1271	歩	94821	2841	8	bù	⿱止少
1272	紛	94801	3327	10	fēn	⿰糹分
1273	壇	94671	3002	16	tán	⿰土亶
1274	苑	94660	2747	8	yuàn	⿱艹夗
1275	希	94653	3558	7	xī	⿱㐅布
1276	底	94635	3260	8	dǐ	⿸广氐
1277	了	94604	3443	2	le	⿱乛亅
1278	汗	94598	2723	6	hàn	⿰氵干
1279	雞	94525	3343	18	jī	⿰奚隹
1280	旁	94482	3335	10	páng	⿱{83}方
1281	鳳	94327	2874	14	fèng	⿵𠘨𩾏
1282	賓	94312	2512	14	bīn	⿱⿳宀一𣥂貝
1283	咎	94204	3019	8	jiù	⿱处口
1284	契	94189	3537	9	qì	⿱㓞大
1285	舒	94081	3319	12	shū	⿰舍予
1286	歳	93963	2614	13	suì	⿱止⿵戌小
1287	暴	93729	3271	15	bào	⿱日㳟
1288	哭	93719	2830	10	kū	⿱吅犬
1289	旋	93599	3759	11	xuán	⿰方𭻾
1290	頌	93202	2970	13	sòng	⿰公頁
1291	倫	93122	3254	10	lún	⿰亻侖
1292	忍	93063	3345	7	rěn	⿱刃心
1293	鹿	93047	3180	11	lù	⿸{55}比
1294	飾	92995	3114	13	shì	⿰飠⿱𠂉巾
1295	贊	92878	2543	19	zàn	⿱兟貝
1296	鳯	92855	2677	13	fèng	⿵𠘨鳥
1297	樞	92789	3051	15	shū	⿰木區
1298	䕶	92501	2548	21	hù	⿱艹謢
1299	環	92465	3538	17	huán	⿰𤣩睘
1300	緑	92403	2759	14	lǜ	⿰糹录
1301	徵	92401	2613	15	zhǐ zhēng	⿰彳𢽠
1302	傾	92342	3680	13	qīng	⿰亻頃
1303	禪	92256	2938	16	chán	⿰礻單
1304	寵	92176	2905	19	chǒng	⿱宀龍
1305	綱	92143	3238	14	gāng	⿰糹岡
1306	側	92022	3403	11	cè	⿰亻則
1307	肆	91892	3149	13	sì	⿰镸聿
1308	速	91851	3619	10	sù	⿺辶束
1309	導	91825	3265	15	dǎo	⿱道寸
1310	津	91768	3367	9	jīn	⿰氵聿
1311	啓	91415	3288	11	qǐ	⿱𢼄口
1312	亥	91408	2964	6	hài	⿱丶𠀔
1313	操	91398	3154	16	cāo	⿰扌喿
1314	恨	91271	3058	9	hèn	⿰忄艮
1315	岸	91262	2960	8	àn	⿱山厈
1316	脩	91234	2830	10	xiū	⿲亻丨⿱夂⺝
1317	旣	91086	2160	11	jì	⿰皀旡
1318	戸	90662	2648	4	hù	⿱一尸
1319	規	90394	3236	11	guī	⿰夫見
1320	偶	90364	3557	11	ǒu	⿰亻禺
1321	證	89910	3315	19	zhèng	⿰訁登
1322	揮	89806	2923	12	huī	⿰扌軍
1323	訪	89629	3070	11	fǎng	⿰訁方
1324	榖	89564	2720	14	gǔ	⿰⿱⿳士冖一木殳
1325	杖	89516	3021	7	zhàng	⿰木丈
1326	瑞	89349	3062	13	ruì	⿰𤣩耑
1327	圓	89237	3576	13	yuán	⿴囗員
1328	署	89179	2177	13	shǔ	⿱罒者
1329	琴	89033	2879	12	qín	⿱玨今
1330	決	89022	2590	7	jué	⿰氵夬
1331	區	88984	3065	11	qū	⿷匚品
1332	縁	88956	3559	15	yuán	⿰糹⿱{42}𧰨
1333	奴	88841	2771	5	nú	⿰女又
1334	限	88802	3333	8	xiàn	⿰阝艮
1335	諱	88636	2922	16	huì	⿰訁韋
1336	彭	88488	2965	12	péng	⿰壴彡
1337	塗	88473	3390	13	tú	⿱涂土
1338	淳	88368	3072	11	chún	⿰氵享
1339	抱	88272	3644	8	bào	⿰扌包
1340	尸	88144	3057	3	shī	⿰丿{50}
1341	浙	88134	2205	10	zhè	⿰氵折
1342	昏	88079	3578	8	hūn	⿱氏日
1343	懸	88005	3361	20	xuán	⿱縣心
1344	鐘	87805	2845	20	zhōng	⿰釒童
1345	恒	87788	2896	9	héng	⿰忄亘
1346	蒲	87641	2908	13	pú	⿱艹浦
1347	檢	87298	3077	17	jiǎn	⿰木僉
1348	屢	87250	3049	14	lǚ	⿸尸婁
1349	銅	87135	2937	14	tóng	⿰釒同
1350	優	87036	3090	17	yōu	⿰亻憂
1351	項	87012	2861	12	xiàng	⿰工頁
1352	韋	86946	2698	9	wéi	⿱𭇁㐄
1353	毫	86876	3367	11	háo	⿱{87}毛
1354	酌	86610	3026	10	zhuó	⿰酉勺
1355	借	86486	3340	10	jiè	⿰亻昔
1356	弊	86486	2852	14	bì	⿱敝廾
1357	係	86392	2942	9	xì	⿰亻系
1358	錄	86238	2565	16	lù	⿰釒彔
1359	岳	85780	2746	8	yuè	⿱丘山
1360	戴	85699	3307	17	dài	⿹𢦏異
1361	旌	85552	2792	11	jīng	⿰方⿱𠂉生
1362	該	85528	2289	13	gāi	⿰訁亥
1363	戌	85482	2656	6	xū	⿵戊一
1364	單	85319	3164	12	dān	⿱吅⿻甲一
1365	獸	85260	3455	19	shòu	⿰嘼犬
1366	隔	85206	3402	12	gé	⿰阝鬲
1367	遠	85111	2730	13	yuǎn	⿺辶袁
1368	歡	85079	3275	21	huān	⿰雚欠
1369	淺	85068	3657	11	qiǎn	⿰氵戔
1370	晝	85041	3659	11	zhòu	⿱書一
1371	㸃	84867	2656	17	diǎn	⿱⿰{68}占灬
1372	忌	84673	3382	7	jì	⿱己心
1373	談	84517	3272	15	tán	⿰訁炎
1374	黒	84403	2847	11	hēi	⿱里灬
1375	遵	84362	3001	15	zūn	⿺辶尊
1376	泥	83983	3660	8	ní	⿰氵尼
1377	齒	83889	3513	15	chǐ	⿱止𠚕
1378	厲	83733	2995	14	lì	⿸厂萬
1379	鮮	83538	3441	17	xiān	⿰魚羊
1380	茶	83510	2365	9	chá	⿳艹𠆢朩
1381	貌	83390	3143	14	mào	⿰豸皃
1382	預	83308	3155	13	yù	⿰予頁
1383	詠	83248	2976	12	yǒng	⿰訁永
1384	躬	83090	3019	10	gōng	⿰身弓
1385	煎	83089	2024	13	jiān	⿱前灬
1386	葛	82941	3185	12	gé	⿱艹曷
1387	趨	82770	3141	17	qū	⿺走芻
1388	覽	82704	3053	21	lǎn	⿱𰯲見
1389	禦	82388	2834	17	yù	⿱御示
1390	謙	82289	2892	17	qiān	⿰訁兼
1391	黃	82262	2251	12	huáng	⿱廿⿳一由八
1392	繁	81944	3376	17	fán	⿱敏糸
1393	讓	81890	2762	24	ràng	⿰訁襄
1394	勉	81659	3008	9	miǎn	⿺免力
1395	肯	81124	3256	8	kěn	⿱止⺝
1396	嗟	81024	3030	12	jiē	⿰口差
1397	刀	80912	3410	2	dāo	⿹𠃌丿
1398	峯	80646	2316	10	fēng	⿱山夆
1399	矢	80565	2807	5	shǐ	⿱𠂉大
1400	盜	80514	2781	12	dào	⿱㳄皿
1401	輪	80489	3679	15	lún	⿰車侖
1402	擬	80365	3132	17	nǐ	⿰扌疑
1403	㡬	80251	2335	12		⿹{29}⿰丿𠃌
1404	援	80188	2894	12	yuán	⿰扌爰
1405	珍	80062	3118	9	zhēn	⿰𤣩㐱
1406	卧	79925	3128	8	wò	⿰臣卜
1407	遥	79784	3006	13	yáo	⿺辶䍃
1408	想	79753	3405	13	xiǎng	⿱相心
1409	謁	79525	3009	16	yè	⿰訁曷
1410	抵	79521	3176	8	dǐ	⿰扌氐
1411	蕩	79258	3615	15	dàng	⿱艹湯
1412	穴	79243	3170	5	xué	⿱宀八
1413	亮	79202	2500	9	liàng	⿱{87}几
1414	帛	79165	3084	8	bó	⿱白巾
1415	住	78954	3271	7	zhù	⿰亻主
1416	帖	78772	2134	8	tiē	⿰巾占
1417	柱	78624	3134	9	zhù	⿰木主
1418	閉	78605	3721	11	bì	⿵門才
1419	抑	78464	3290	7	yì	⿰扌卬
1420	迹	78440	3336	9	jì	⿺辶亦
1421	增	78278	2945	15	zēng	⿰土曾
1422	潤	78206	3462	15	rùn	⿰氵閏
1423	靡	78204	3136	19	mí	⿸麻非
1424	寂	78096	3249	11	jì	⿱宀叔
1425	麥	77746	2639	11	mài	⿱來夊
1426	慕	77577	3248	14	mù	⿱莫⺗
1427	牙	77558	3261	4	yá	⿹⿻丁𠃋㇒
1428	亨	77538	2445	7	hēng	⿳亠口了
1429	董	77386	2759	12	dǒng	⿱艹重
1430	禽	77322	3287	12	qín	⿱𠆢离
1431	粟	76996	2951	12	sù	⿱覀米
1432	驅	76935	3404	21	qū	⿰馬區
1433	荷	76804	2945	10	hé	⿱艹何
1434	超	76785	3427	12	chāo	⿺走召
1435	駐	76774	2270	15	zhù	⿰馬主
1436	悔	76747	3218	10	huǐ	⿰忄每
1437	燈	76681	2718	16	dēng	⿰火登
1438	穀	76500	2836	15	gǔ	⿰𥞤殳
1439	彌	76437	3355	17	mí	⿰弓爾
1440	晴	76433	2251	12	qíng	⿰日青
1441	誦	76433	3469	14	sòng	⿰訁甬
1442	妃	76288	2688	6	fēi	⿰女己
1443	跡	76187	3315	13	jī	⿰𧾷亦
1444	凝	76181	3600	16	níng	⿰冫疑
1445	豪	76173	2812	14	háo	⿱{87}豕
1446	寢	76113	3066	14	qǐn	⿱宀𭷆
1447	旱	75935	2801	7	hàn	⿱日干
1448	𫝊	75931	1304	11		⿰亻専
1449	馮	75845	2748	12	féng	⿰冫馬
1450	浩	75748	3095	10	hào	⿰氵告
1451	罰	75733	2829	14	fá	⿱罒䚯
1452	遼	75694	2382	15	liáo	⿺辶尞
1453	坎	75555	2662	7	kǎn	⿰土欠
1454	逹	75527	2671	11	dá	⿺辶幸
1455	匹	75403	2809	4	pǐ	⿷匚儿
1456	脉	75300	2408	9	mài	⿰月永
1457	奠	75209	2324	12	diàn	⿱酋大
1458	鐵	75144	2968	21	tiě	⿰釒𢧜
1459	把	75001	3062	7	bǎ	⿰扌巴
1460	宮	74955	2248	10	gōng	⿱宀呂
1461	瞻	74849	3155	18	zhān	⿰目詹
1462	缺	74824	3321	10	quē	⿰缶夬
1463	俟	74754	3065	9	qí	⿰亻矣
1464	戚	74747	2935	11	qī	⿵戊尗
1465	蠻	74612	2666	25	mán	⿱䜌虫
1466	緩	74579	3103	15	huǎn	⿰糹爰
1467	醫	74442	2936	18	yī	⿱殹酉
1468	簿	74433	2577	19	bù	⿱𥫗溥
1469	浦	74361	2296	10	pǔ	⿰氵甫
1470	裁	74357	2946	12	cái	⿹𢦏衣
1471	倍	74323	3241	10	bèi	⿰亻咅
1472	藝	74271	3021	18	yì	⿱蓺云
1473	融	74121	3201	16	róng	⿰鬲虫
1474	憐	74077	2702	15	lián	⿰忄粦
1475	叛	74064	2358	9	pàn	⿰半反
1476	啟	73757	2507	11	qǐ	⿰启攵
1477	蕃	73750	2613	15	bō fān	⿱艹番
1478	敏	73700	2709	11	mǐn	⿰每攵
1479	厭	73614	3408	14	yàn	⿸厂猒
1480	屏	73556	3082	9	píng	⿸尸并
1481	植	73491	3168	12	zhí	⿰木直
1482	毋	73455	2845	4	wú	毋
1483	釐	73438	2534	18	xī lí	⿸𠩺里
1484	錯	73372	3538	16	cuò	⿰釒昔
1485	束	73226	3340	7	shù	⿻木口
1486	𨽻	73190	1976	15	lì	⿰𥘈隶
1487	浪	73134	2986	10	làng	⿰氵良
1488	採	73106	3302	11	cǎi	⿰扌采
1489	頓	73046	3343	13	dùn	⿰屯頁
1490	蟲	73039	3173	18	chóng	⿱虫䖵
1491	霞	73002	2668	17	xiá	⿱雨叚
1492	策	72956	2842	12	cè	⿱𥫗朿
1493	俾	72897	2765	10	bǐ bì	⿰亻卑
1494	買	72859	2718	12	mǎi	⿱罒貝
1495	查	72796	1310	9	chá	⿱木旦
1496	擢	72730	2181	17	zhuó	⿰扌翟
1497	惑	72624	3449	12	huò	⿱或心
1498	沉	72576	3190	7	chén	⿰氵冗
1499	膏	72400	2919	14	gāo	⿳{87}口⺝
1500	薛	72322	2474	16	xuē	⿱艹⿰𠂤辛
1501	那	72168	2684	6	nà	⿰𭃂阝
1502	渾	72164	3156	12	hún	⿰氵軍
1503	舎	72091	2377	8	shè	⿱𠆢𠮷
1504	寜	71859	2314	13	níng	⿱寍亅
1505	辱	71731	3142	10	rǔ	⿱辰寸
1506	慰	71385	2524	15	wèi	⿱尉心
1507	从	70902	394	4	cóng	⿰人人
1508	付	70716	3297	5	fù	⿰亻寸
1509	憶	70703	2351	16	yì	⿰忄意
1510	眀	70693	1792	9	míng	⿰目月
1511	姦	70630	2586	9	jiān	⿱女奻
1512	毁	70612	3020	13	huǐ	⿰𬛸殳
1513	泣	70587	2991	8	qì	⿰氵立
1514	衍	70585	2894	9	yǎn	⿲彳氵亍
1515	巨	70405	3259	4	jù	⿷匚{50}
1516	台	70387	2726	5	tái	⿱厶口
1517	疎	70380	2723	12	shū	⿰𤴔束
1518	茅	70355	3074	8	máo	⿱艹矛
1519	凉	70265	2520	10	liáng	⿰冫京
1520	藩	70241	2536	18	fān	⿱艹潘
1521	潛	70213	2709	15	qián	⿰氵朁
1522	貪	69966	3463	11	tān	⿱今貝
1523	徽	69842	2528	17	huī	⿰彳𢾰
1524	基	69596	3274	11	jī	⿱其土
1525	製	69469	2633	14	zhì	⿱制衣
1526	茍	69137	2128	9	jì	⿱卝句
1527	邉	69014	2082	17	biān	⿺辶⿳自穴口
1528	暑	68971	3313	12	shǔ	⿱日者
1529	域	68955	3213	11	yù	⿰土或
1530	紙	68898	2759	10	zhǐ	⿰糹氏
1531	停	68609	3237	11	tíng	⿰亻亭
1532	狂	68606	3285	7	kuáng	⿰犭王
1533	貨	68563	2808	11	huò	⿱化貝
1534	悟	68455	3677	10	wù	⿰忄吾
1535	畜	68373	2862	10	chù	⿱玄田
1536	逃	68347	3069	9	táo	⿺辶兆
1537	魂	68334	3405	13	hún	⿰云鬼
1538	牲	68305	2114	9	shēng	⿰牜生
1539	峰	68180	2063	10	fēng	⿰山夆
1540	决	68142	2905	6	jué	⿰冫夬
1541	濕	68102	2847	17	shī	⿰氵㬎
1542	朋	68076	3020	8	péng	⿰月月
1543	炎	67912	3314	8	yán	⿱火火
1544	巧	67837	3342	5	qiǎo	⿰工丂
1545	輒	67810	2789	14	zhé	⿰車𦔮
1546	澄	67777	3204	15	chéng	⿰氵登
1547	拾	67766	2838	9	shí	⿰扌合
1548	焚	67750	3393	12	fén	⿱林火
1549	赦	67734	2452	11	shè	⿰赤攵
1550	䘮	67698	2301	12	sāng	⿱⿻土从{25}
1551	燒	67641	3156	16	shāo	⿰火堯
1552	倒	67575	3553	10	dào	⿰亻到
1553	研	67529	2535	9	yán	⿰石开
1554	俊	67442	2587	9	jùn	⿰亻夋
1555	衝	67352	2927	15	chōng	⿲彳重亍
1556	聴	67341	2299	17	tīng	⿰耳⿳十罒心
1557	黎	67319	2851	15	lí	⿱𥝢𱥯
1558	掩	67256	3251	11	yǎn	⿰扌奄
1559	勲	67189	2481	15	xūn	⿱動灬
1560	諡	67112	1664	16	shì	⿰訁㿽
1561	妾	67092	2658	8	qiè	⿱立女
1562	普	66997	3015	12	pǔ	⿱並日
1563	聘	66895	2383	13	pìn	⿰耳甹
1564	斜	66873	2504	11	xié	⿰余斗
1565	鏡	66856	2854	19	jìng	⿰釒竟
1566	冊	66758	2083	5	cè	⿻冂卄
1567	怪	66719	3346	8	guài	⿰忄圣
1568	袁	66624	2318	10	yuán	⿱𠮷𧘇
1569	徹	66572	3517	15	chè	⿰彳𰕎
1570	冀	66518	2806	16	jì	⿱北異
1571	敦	66499	2730	12	dūn	⿰享攵
1572	踰	66242	2940	16	yú	⿰𧾷俞
1573	激	66008	3117	16	jī	⿰氵敫
1574	叅	65958	2246	12	cān	⿱厽𠇍
1575	完	65880	2975	7	wán	⿱宀元
1576	攝	65688	3322	21	shè	⿰扌聶
1577	柳	65653	2382	9	liǔ	⿰木卯
1578	零	65644	2723	13	líng	⿱雨令
1579	寫	65640	3105	15	xiě	⿱宀舄
1580	湘	65612	2258	12	xiāng	⿰氵相
1581	辦	65557	2194	16	bàn	⿲辛力辛
1582	藻	65326	2534	19	zǎo	⿱艹澡
1583	偽	65304	2586	11	wěi	⿰亻為
1584	溝	65254	2638	13	gōu	⿰氵冓
1585	距	65234	2299	11	jù	⿰𧾷巨
1586	髪	65227	2807	14	fà fǎ	⿱髟友
1587	晨	65219	3228	11	chén	⿱日辰
1588	託	64907	3179	10	tuō	⿰訁乇
1589	狄	64893	2300	7	dí	⿰犭火
1590	座	64856	2754	10	zuò	⿸广坐
1591	包	64842	3349	5	bāo	⿹勹巳
1592	驛	64821	2388	23	yì	⿰馬睪
1593	蓬	64726	2837	13	péng	⿱艹逢
1594	姚	64688	2402	9	yáo	⿰女兆
1595	桐	64535	2643	10	tóng	⿰木同
1596	漏	64403	3441	14	lòu	⿰氵屚
1597	練	64272	2744	15	liàn	⿰糹柬
1598	晏	64174	2824	10	yàn	⿱日安
1599	績	64148	2525	17	jī	⿰糹責
1600	争	64139	2593	6	zhēng	⿱⺈⿻{43}亅
1601	奮	64107	2760	16	fèn	⿱奞田
1602	漁	64085	2712	14	yú	⿰氵魚
1603	疆	64056	2730	19	jiāng	⿰⿹弓土畺
1604	戍	63937	2345	6	shù	⿵戊丶
1605	巢	63836	2919	11	cháo	⿱巛果
1606	哈	63829	662	9	hā	⿰口合
1607	歟	63827	2969	17	yú	⿰與欠
1608	匪	63820	2639	10	fěi	⿷匚非
1609	鄰	63748	2975	14	lín	⿰粦阝
1610	漫	63682	2864	14	màn	⿰氵曼
1611	嗚	63658	2671	13	wū	⿰口烏
1612	暗	63634	3242	13	àn	⿰日音
1613	卯	63439	2679	5	mǎo	⿰𠂎卩
1614	麟	63400	2814	23	lín	⿰鹿粦
1615	暇	63375	3081	13	xiá	⿰日叚
1616	胥	63322	2719	9	xū	⿱疋⺝
1617	協	63292	2479	8	xié	⿰十劦
1618	輸	63272	2676	16	shū	⿰車俞
1619	廵	63251	2031	5	xún	⿺廴巛
1620	愧	63221	2856	12	kuì	⿰忄鬼
1621	儉	63082	2672	15	jiǎn	⿰亻僉
1622	秩	63039	2559	10	zhì	⿰禾失
1623	篤	62925	2922	16	dǔ	⿱𥫗馬
1624	育	62822	3320	8	yù	⿳亠厶⺝
1625	互	62695	3258	4	hù	⿱一彑
1626	蓮	62689	2540	13	lián	⿱艹連
1627	陜	62519	1780	9	xiá	⿰阝夾
1628	斤	62461	2670	4	jīn	⿸𠂆丅
1629	晦	62420	3288	11	huì	⿰日每
1630	驗	62313	3138	23	yàn	⿰馬僉
1631	坡	62301	2163	8	pō	⿰土皮
1632	悠	62291	2541	11	yōu	⿱攸心
1633	逰	62200	2142	11	yóu	⿺辶⿰扌⿱𠂉子
1634	没	62153	3232	7	méi	⿰氵殳
1635	佩	62088	2985	8	pèi	⿰亻𫥞
1636	蔽	62049	3167	14	bì	⿱艹敝
1637	敷	62034	3070	15	fū	⿰旉攵
1638	片	61961	2810	4	piàn	⿰丿⿱丄𠃍
1639	併	61892	2980	8	bìng	⿰亻并
1640	饑	61859	2715	20	jī	⿰飠幾
1641	閑	61831	3024	12	xián	⿵門木
1642	傍	61702	3042	12	bàng	⿰亻旁
1643	像	61664	2881	13	xiàng	⿰亻象
1644	黑	61595	2980	12	hēi	⿱{68}灬
1645	蛇	61583	3176	11	shé	⿰虫它
1646	尼	61440	2747	5	ní	⿸尸匕
1647	熈	61425	2233	14	xī	⿱⿰𱼧巳灬
1648	潮	61415	2287	15	cháo	⿰氵朝
1649	歐	61272	2355	15	ōu	⿰區欠
1650	夾	61141	2867	7	jiā	⿻大从
1651	凌	61064	3123	10	líng	⿰冫夌
1652	伍	61046	2500	6	wǔ	⿰亻五
1653	眉	61015	2995	9	méi	⿸𠃜目
1654	竭	61006	3216	14	jié	⿰立曷
1655	浸	60975	2855	10	jìn	⿰氵𠬶
1656	藉	60866	3100	17	jí	⿱艹耤
1657	燭	60660	3207	17	zhú	⿰火蜀
1658	嶽	60623	3119	17	yuè	⿱山獄
1659	價	60584	2401	15	jià	⿰亻賈
1660	祈	60561	2930	8	qí	⿰礻斤
1661	訟	60556	2706	11	sòng	⿰訁公
1662	俯	60359	3214	10	fǔ	⿰亻府
1663	鑑	60305	2622	22	jiàn	⿰釒監
1664	孚	60296	2330	7	fú	⿱爫子
1665	瓊	60225	2825	18	qióng	⿰𤣩夐
1666	迷	60060	3462	9	mí	⿺辶米
1667	叙	60058	2895	9	xù	⿰余又
1668	拂	60043	2997	8	fú	⿰扌弗
1669	陷	60026	2447	10	xiàn	⿰阝臽
1670	沒	59914	2756	7	méi	⿰氵⿱勹又
1671	阻	59893	2810	7	zǔ	⿰阝且
1672	戲	59550	2798	17	xì	⿰䖒戈
1673	貳	59541	2304	12	èr	⿹弋⿱二貝
1674	箇	59428	2233	14	gè	⿱𥫗固
1675	遽	59387	2901	16	jù	⿺辶豦
1676	腸	59305	2594	13	cháng	⿰月昜
1677	削	59200	3171	9	xuē	⿰肖刂
1678	吴	59182	1973	7	wú	⿱口天
1679	粉	59159	2642	10	fěn	⿰米分
1680	陣	59129	2399	9	zhèn	⿰阝車
1681	艱	59035	2808	17	jiān	⿰𦰩艮
1682	展	58951	3096	10	zhǎn	⿸尸⿱龷{25}
1683	穿	58844	3252	9	chuān	⿱穴牙
1684	活	58718	2937	9	huó	⿰氵舌
1685	滋	58692	3306	12	zī	⿰氵兹
1686	勅	58645	1909	9	chì	⿰束力
1687	輩	58482	2929	15	bèi	⿱非車
1688	奚	58424	2880	10	xī	⿱爫𡗞
1689	擾	58394	2868	18	rǎo	⿰扌憂
1690	鬱	58303	2896	29	yù	⿳⿲木缶木冖⿰鬯彡
1691	騰	58211	3217	20	téng	⿰月駦
1692	殆	58146	3201	9	dài	⿰歹台
1693	炒	58119	498	8	chǎo	⿰火少
1694	段	58108	2552	9	duàn	⿰{6}殳
1695	弦	58019	2549	8	xián	⿰弓玄
1696	炁	58008	1219	8	qì	⿱旡灬
1697	牽	57951	3260	11	qiān	⿳亠⿻幺冖牛
1698	幣	57838	2122	14	bì	⿱敝巾
1699	枯	57814	3263	9	kū	⿰木古
1700	鄙	57783	3025	13	bǐ	⿰啚阝
1701	秉	57779	2924	8	bǐng	⿻禾{43}
1702	璧	57774	2760	18	bì	⿱辟玉
1703	拘	57738	3322	8	jū	⿰扌句
1704	鄧	57713	2386	14	dèng	⿰登阝
1705	究	57667	3274	7	jiū	⿱穴九
1706	僅	57638	3017	13	jǐn	⿰亻堇
1707	披	57525	3164	8	pī	⿰扌皮
1708	姜	57374	2318	9	jiāng	⿱𦍌女
1709	裳	57372	2912	14	shang	⿱𫩠衣
1710	圭	57370	2798	6	guī	⿱土土
1711	晩	57258	1837	12	wǎn	⿰日⿱{2}儿
1712	盗	57209	2372	11	dào	⿱次皿
1713	幼	57203	2704	5	yòu	⿰幺力
1714	氷	57189	2745	5	bīng	⿽水丶
1715	突	57173	2654	9	tū	⿱穴犬
1716	潭	57013	2246	15	tán	⿰氵覃
1717	崖	56981	2521	11	yá	⿱山厓
1718	翔	56889	2946	12	xiáng	⿰羊羽
1719	薑	56886	1138	16	jiāng	⿱艹畺
1720	黙	56719	2853	15	mò	⿱⿰里犬灬
1721	胃	56645	1608	9	wèi	⿱田⺝
1722	測	56636	3373	12	cè	⿰氵則
1723	喻	56628	2928	12	yù	⿰口俞
1724	弼	56600	2410	12	bì	⿲弓百弓
1725	冦	56558	2201	10	kòu	⿱冖⿺元攴
1726	鑿	56538	3159	28	záo	⿱𣫞金
1727	宏	56418	2605	7	hóng	⿱宀厷
1728	乳	56402	2642	8	rǔ	⿰孚乚
1729	秘	56397	2808	10	mì	⿰禾必
1730	姬	56202	2412	10	jī	⿰女𦣞
1731	途	56013	3048	10	tú	⿺辶余
1732	遭	55960	3249	14	zāo	⿺辶曹
1733	飄	55936	2726	20	piāo	⿰票風
1734	巽	55778	1967	12	xùn	⿱⿰巳巳共
1735	崩	55770	2554	11	bēng	⿱山朋
1736	瘡	55658	1740	15	chuāng	⿸疒倉
1737	酬	55584	2702	13	chóu	⿰酉州
1738	較	55550	2958	13	jiào	⿰車交
1739	寓	55403	3048	12	yù	⿱宀禺
1740	恤	55402	2499	9	xù	⿰忄血
1741	訖	55314	2555	10	qì	⿰訁乞
1742	畝	55206	2093	10	mǔ	⿰亩久
1743	熊	55130	3533	14	xióng	⿱能灬
1744	趣	55031	3117	15	qù	⿺走取
1745	賛	54991	2254	15	zàn	⿱㚘貝
1746	肥	54961	2987	8	féi	⿰月巴
1747	幹	54940	2761	13	gàn	⿰𠦝𫢉
1748	荀	54925	2199	9	xún	⿱艹旬
1749	誓	54908	2975	14	shì	⿱折言
1750	罔	54832	2865	8	wǎng	⿵冂𠅇
1751	頻	54770	2750	16	pín	⿰步頁
1752	犬	54701	2995	4	quǎn	⿺大丶
1753	苟	54700	2484	8	gǒu	⿱艹句
1754	頂	54634	2980	11	dǐng	⿰丁頁
1755	欺	54547	3121	12	qī	⿰其欠
1756	枕	54487	2920	8	zhěn	⿰木冘
1757	鸞	54486	2671	30	luán	⿱䜌鳥
1758	卓	54417	2781	8	zhuó	⿱⺊早
1759	聊	54370	2650	11	liáo	⿰耳卯
1760	肝	54208	2563	7	gān	⿰月干
1761	奇	53945	2382	8	qí	⿱大可
1762	閭	53849	2776	14	lǘ	⿵門吕
1763	芝	53731	2686	6	zhī	⿱艹之
1764	淫	53660	2984	11	yín	⿰氵㸒
1765	課	53572	2070	15	kè	⿰訁果
1766	誥	53570	2598	14	gào	⿰訁告
1767	牢	53561	2920	7	láo	⿱宀牛
1768	敎	53559	1744	11	jiào	⿰𡥉攵
1769	圗	53467	1803	14	tú	⿴囗⿱𠫘囬
1770	裕	53395	2375	12	yù	⿰衤谷
1771	映	53203	2526	9	yìng	⿰日央
1772	拒	53117	2520	7	jù	⿰扌巨
1773	捕	53101	2404	10	bǔ	⿰扌甫
1774	柴	53092	2516	10	chái	⿱此木
1775	局	53028	2664	7	jú	⿸尸⿹𠃌口
1776	逮	53026	2983	11	dǎi	⿺辶隶
1777	囘	53015	2136	5	huí	⿵冂巳
1778	輝	52915	2885	15	huī	⿰光軍
1779	貶	52908	2219	11	biǎn	⿰貝乏
1780	祗	52819	2639	9	zhī	⿰礻氐
1781	陞	52817	1450	9	shēng	⿰阝𡉼
1782	呈	52797	2596	7	chéng	⿱口王
1783	灌	52790	2859	20	guàn	⿰氵雚
1784	飯	52778	2755	12	fàn	⿰飠反
1785	叢	52670	2787	18	cóng	⿱丵⿸耳又
1786	霧	52565	2675	18	wù	⿱雨務
1787	斂	52560	2472	17	liǎn	⿰僉攵
1788	拔	52533	2894	8	bá	⿰扌犮
1789	旬	52512	2949	6	xún	⿹勹日
1790	肺	52467	2336	8	fèi	⿰月巿
1791	滯	52381	3172	14	zhì	⿰氵帶
1792	潔	52326	3319	15	jié	⿰氵絜
1793	巾	52279	2812	3	jīn	⿻冂丨
1794	隴	52266	2362	18	lǒng	⿰阝龍
1795	羞	52265	2784	10	xiū	⿸⺶丑
1796	壺	52254	2650	12	hú	⿱士⿱冖{79}
1797	譽	52183	2736	20	yù	⿱與言
1798	苗	52103	2662	8	miáo	⿱艹田
1799	昨	52011	2514	9	zuó	⿰日乍
1800	脾	51903	1652	12	pí	⿰月卑
1801	乏	51853	2858	4	fá	⿱㇒之
1802	腰	51853	2760	13	yāo	⿰月要
1803	強	51815	2321	11	qiáng	⿰弓𧈧
1804	繡	51806	2570	19	xiù	⿰糹肅
1805	筵	51746	2431	12	yán	⿱𥫗延
1806	恃	51731	2789	9	shì	⿰忄寺
1807	䟽	51672	2126	14		⿰𧾷㐬
1808	漕	51605	1740	14	cáo	⿰氵曹
1809	範	51535	2893	15	fàn	⿱𥫗𨊠
1810	昆	51462	2627	8	kūn	⿱日比
1811	健	51202	2756	10	jiàn	⿰亻建
1812	脱	51182	2846	11	tuō	⿰月兑
1813	曠	51171	2990	18	kuàng	⿰日廣
1814	劍	51153	2409	15	jiàn	⿰僉刂
1815	宦	51057	2388	9	huàn	⿱宀臣
1816	垣	51036	2588	9	yuán	⿰土亘
1817	譜	50997	2126	19	pǔ	⿰訁普
1818	創	50995	2644	12	chuàng	⿰倉刂
1819	峻	50984	2685	10	jùn	⿰山夋
1820	賴	50876	2825	16	lài	⿰束負
1821	現	50832	2028	11	xiàn	⿰𤣩見
1822	鴈	50812	2287	15	yàn	⿸厂𠌵
1823	響	50808	3152	20	xiǎng	⿱鄉音
1824	饒	50768	2721	20	ráo	⿰飠堯
1825	亷	50735	2153	13	lián	⿸产⿻⿱{43}八⿰丨丨
1826	艮	50729	1781	6	gěn	⿸⿰𠄌𫜹{24}
1827	割	50718	2901	12	gē	⿰害刂
1828	炙	50679	2120	8	zhì	⿱𱼀火
1829	泛	50636	2929	7	fàn	⿰氵乏
1830	磨	50579	3017	16	mó	⿸麻石
1831	棲	50567	2751	12	qī	⿰木妻
1832	潘	50527	2338	15	pān	⿰氵番
1833	塔	50473	1748	12	tǎ	⿰土荅
1834	標	50463	2873	15	biāo	⿰木票
1835	昇	50253	2988	8	shēng	⿱日升
1836	隅	50163	2964	11	yú	⿰阝禺
1837	悦	50162	2422	10	yuè	⿰忄兑
1838	傑	50149	2516	12	jié	⿰亻桀
1839	整	50139	3015	16	zhěng	⿱敕正
1840	裴	50135	1992	14	péi	⿱非衣
1841	哲	50071	2660	10	zhé	⿱折口
1842	汁	50036	1411	5	zhī	⿰氵十
1843	澗	50034	2428	15	jiàn	⿰氵間
1844	冕	50019	2416	11	miǎn	⿱冃免
1845	低	49966	2701	7	dī	⿰亻氐
1846	臯	49950	2537	12	gāo	⿱自𠦂
1847	返	49898	3297	7	fǎn	⿺辶反
1848	萊	49769	2723	11	lái	⿱艹來
1849	濁	49724	3311	16	zhuó	⿰氵蜀
1850	岐	49678	2778	7	qí	⿰山支
1851	渭	49653	2258	12	wèi	⿰氵胃
1852	庾	49646	2080	11	yǔ	⿸广臾
1853	賣	49601	2550	15	mài	⿱士買
1854	彈	49558	2744	15	dàn	⿰弓單
1855	奈	49501	2936	8	nài	⿱大示
1856	偃	49466	2931	11	yǎn	⿰亻匽
1857	嫁	49425	2515	13	jià	⿰女家
1858	獵	49414	2686	18	liè	⿰犭巤
1859	攸	49381	2345	7	yōu	⿲亻丨攵
1860	儲	49373	2490	17	chǔ	⿰亻諸
1861	淚	49373	2181	11	lèi	⿰氵戾
1862	雀	49335	2836	11	què	⿱𡭔隹
1863	弑	49316	1460	12	shì	⿰杀式
1864	欣	49302	2726	8	xīn	⿰斤欠
1865	涼	49276	2240	11	liáng	⿰氵京
1866	綿	49263	3005	14	mián	⿰糹帛
1867	踐	49215	2809	15	jiàn	⿰𧾷戔
1868	黍	49203	2608	12	shǔ	⿱禾𱥯
1869	霄	49197	2911	15	xiāo	⿱雨肖
1870	添	49153	2589	11	tiān	⿰氵忝
1871	赫	49133	2659	14	hè	⿰赤赤
1872	辯	49036	2813	21	biàn	⿲辛言辛
1873	幕	49023	2571	13	mù	⿱莫巾
1874	競	49012	3088	20	jìng	⿰竞竞
1875	輙	48861	2292	15	zhé	⿰車取
1876	狐	48782	2772	8	hú	⿰犭瓜
1877	虜	48722	1783	13	lǔ	⿸虍男
1878	薨	48586	1812	16	hōng	⿳⿱艹罒冖死
1879	鑒	48560	2777	22	jiàn	⿱𰯲金
1880	絃	48520	2346	11	xián	⿰糹玄
1881	迴	48488	2549	9	huí	⿺辶回
1882	脚	48395	2552	11	jiǎo	⿰月却
1883	坊	48386	2137	7	fāng	⿰土方
1884	戈	48333	2875	4	gē	⿺𭠍丶
1885	宛	48286	2778	8	wǎn	⿱宀夗
1886	擁	48258	2794	16	yōng	⿰扌雍
1887	絳	48225	2806	12	jiàng	⿰糹夅
1888	軾	48188	1558	13	shì	⿰車式
1889	梧	48167	2389	11	wú	⿰木吾
1890	淡	48128	2824	11	dàn	⿰氵炎
1891	爽	48109	3063	11	shuǎng	⿻大㸚
1892	汲	48064	2857	6	jí	⿰氵及
1893	杯	48047	2299	8	bēi	⿰木不
1894	摩	48046	2948	15	mó	⿸麻手
1895	髮	48012	2978	15	fà fǎ	⿱髟犮
1896	恵	47951	1951	10	huì	⿱𤰔心
1897	枚	47941	2284	8	méi	⿰木攵
1898	爰	47931	2450	9	yuán	⿳爫一友
1899	鑄	47919	2529	22	zhù	⿰釒壽
1900	僚	47899	2429	14	liáo	⿰亻尞
1901	窺	47879	3096	16	kuī	⿱穴規
1902	莽	47869	2489	10	mǎng	⿱艹𬌪
1903	彊	47847	2030	16	jiàng	⿰弓畺
1904	準	47830	2014	13	zhǔn	⿱淮十
1905	滄	47793	2319	13	cāng	⿰氵倉
1906	溢	47757	2988	13	yì	⿰氵益
1907	混	47609	3496	11	hùn	⿰氵昆
1908	逕	47601	1826	10	jìng	⿺辶巠
1909	舌	47559	3176	6	shé	⿱千口
1910	簾	47553	2099	19	lián	⿱𥫗廉
1911	況	47527	2497	8	kuàng	⿰氵兄
1912	唱	47479	2843	11	chàng	⿰口昌
1913	瓦	47456	2859	4	wǎ	⿵⿸⿱一𠄌㇈丶
1914	鼻	47440	2921	14	bí	⿱自畀
1915	咨	47310	2360	9	zī	⿱次口
1916	焦	47288	2761	12	jiāo	⿱隹灬
1917	催	47264	2131	13	cuī	⿰亻崔
1918	繞	47235	2757	18	rào	⿰糹堯
1919	掃	47217	2950	11	sǎo	⿰扌帚
1920	料	47173	2481	10	liào	⿰米斗
1921	灰	47099	2784	6	huī	⿸𠂇火
1922	玩	47089	2902	8	wán	⿰𤣩元
1923	遍	46998	3068	12	biàn	⿺辶扁
1924	専	46965	2241	9	zhuān	⿱𤰔寸
1925	弔	46953	2456	4	diào	⿻弓丨
1926	寇	46914	1816	11	kòu	⿱宀⿺元攴
1927	祿	46887	2037	12	lù	⿰礻彔
1928	嫌	46754	2869	13	xián	⿰女兼
1929	銜	46720	2604	14	xián	⿲彳金亍
1930	滑	46715	2520	12	huá	⿰氵骨
1931	淹	46702	2464	11	yān	⿰氵奄
1932	禾	46657	2561	5	hé	⿱㇒木
1933	警	46643	2782	19	jǐng	⿱敬言
1934	鋒	46598	2547	15	fēng	⿰釒夆
1935	羲	46500	2528	16	xī	⿱𦍌⿹⿻禾{97}丂
1936	猛	46442	3057	11	měng	⿰犭孟
1937	徧	46417	3028	12	biàn	⿰彳扁
1938	陂	46409	2228	7	pí	⿰阝皮
1939	遜	46348	2499	13	xùn	⿺辶孫
1940	繩	46183	2910	19	shéng	⿰糹黽
1941	閩	46159	1998	14	mǐn	⿵門虫
1942	饗	46120	2065	20	xiǎng	⿱鄉食
1943	邵	46091	2362	7	shào	⿰召阝
1944	藍	45999	2207	17	lán	⿱艹監
1945	啼	45938	2251	12	tí	⿰口帝
1946	孺	45830	2247	17	rú	⿰子需
1947	話	45828	2445	13	huà	⿰訁舌
1948	聰	45756	2684	17	cōng	⿰耳悤
1949	織	45741	2557	18	zhī	⿰糹戠
1950	褒	45623	2367	15	bāo	⿳亠保𧘇
1951	嘆	45604	2717	14	tàn	⿰口𦰩
1952	篆	45578	2410	15	zhuàn	⿱𥫗彖
1953	毅	45472	3457	15	yì	⿰豙殳
1954	廉	45405	2367	13	lián	⿸广兼
1955	帳	45331	2371	11	zhàng	⿰巾長
1956	牀	45322	2524	8	chuáng	⿰爿木
1957	矜	45305	2795	9	jīn	⿰矛今
1958	菊	45280	1973	11	jú	⿱艹匊
1959	墜	45263	3091	14	zhuì	⿱隊土
1960	准	45198	1704	10	zhǔn	⿰冫隹
1961	閏	45118	2097	12	rùn	⿵門王
1962	懿	45106	2374	22	yì	⿰壹恣
1963	釣	45090	2401	11	diào	⿰釒勺
1964	寨	45053	1153	14	zhài	⿱𡨄木
1965	什	44988	2327	4	shén	⿰亻十
1966	涕	44931	2614	10	tì	⿰氵弟
1967	驕	44922	2803	22	jiāo	⿰馬喬
1968	裘	44899	2497	13	qiú	⿱求衣
1969	排	44883	2971	11	pái	⿰扌非
1970	腫	44876	1242	13	zhǒng	⿰月重
1971	蘆	44845	2052	19	lú	⿱艹盧
1972	僖	44795	1662	14	xī	⿰亻喜
1973	汪	44778	2089	7	wāng	⿰氵王
1974	扇	44777	2591	10	shàn	⿸户羽
1975	場	44773	2507	12	chǎng	⿰土昜
1976	暫	44761	2920	15	zàn	⿱斬日
1977	岡	44645	2160	8	gāng	⿵𦉰山
1978	几	44630	2773	2	jǐ	⿰丿㇈
1979	誌	44561	1952	14	zhì	⿰訁志
1980	算	44201	2257	14	suàn	⿱𥫗𥃲
1981	貝	44195	2148	7	bèi	⿱目八
1982	娶	44156	2329	11	qǔ	⿱取女
1983	茫	44136	2427	9	máng	⿱艹汒
1984	昧	44107	3240	9	mèi	⿰日未
1985	鼔	43976	2419	13	gǔ	⿰壴攴
1986	霸	43954	2153	21	bà	⿱雨䩗
1987	劒	43932	2100	16	jiàn	⿰僉刃
1988	墮	43874	3021	14	duò	⿱隋土
1989	壑	43873	2396	17	hè	⿱㕡土
1990	耀	43855	3009	20	yào	⿰光翟
1991	值	43732	2846	10	zhí	⿰亻直
1992	税	43725	1765	12	shuì	⿰禾兑
1993	嬰	43660	2954	17	yīng	⿱賏女
1994	脫	43579	3101	11	tuō	⿰月兌
1995	譏	43553	2521	19	jī	⿰訁幾
1996	綏	43449	2117	13	suī	⿰糹妥
1997	僉	43327	1769	13	qiān	⿳{88}吅从
1998	齡	43258	2424	20	líng	⿰齒令
1999	逼	43249	2756	12	bī	⿺辶畐
2000	杭	43221	1879	8	háng	⿰木亢
2001	洋	43193	2383	9	yáng	⿰氵羊
2002	潰	43175	2223	15	kuì	⿰氵貴
2003	掠	43125	2192	11	lüè	⿰扌京
2004	斥	43091	2596	5	chì	⿻斤丶
2005	倦	43035	2923	10	juàn	⿰亻卷
2006	級	42926	2081	9	jí	⿰糹及
2007	巫	42912	2620	7	wū	⿻工从
2008	冰	42880	2537	6	bīng	⿰冫水
2009	菜	42832	2393	11	cài	⿱艹采
2010	觸	42810	3306	20	chù	⿰角蜀
2011	跪	42697	2107	13	guì	⿰𧾷危
2012	亟	42674	2510	8	jí	⿱⿻了叹一
2013	板	42668	2706	8	bǎn	⿰木反
2014	纂	42637	3471	20	zuǎn	⿱𮅕糸
2015	的	42549	2633	8	de	⿰白勺
2016	仗	42533	2475	5	zhàng	⿰亻丈
2017	耆	42497	2384	10	qí	⿱老日
2018	涇	42482	1814	10	jīng	⿰氵巠
2019	謨	42369	2277	17	mó	⿰訁莫
2020	股	42347	2453	8	gǔ	⿰月殳
2021	爛	42343	2902	21	làn	⿰火闌
2022	棗	42335	2158	12	zǎo	⿱朿朿
2023	嵩	42275	2248	13	sōng	⿱山高
2024	染	42244	3093	9	rǎn	⿱氿木
2025	敕	42184	1687	11	chì	⿰束攵
2026	荅	42176	1953	9	dā	⿱艹合
2027	腎	42162	1355	12	shèn	⿱臤⺝
2028	團	42156	2352	14	tuán	⿴囗專
2029	揖	42150	2526	12	yī	⿰扌咠
2030	囚	42149	2417	5	qiú	⿴囗人
2031	彰	42127	2873	14	zhāng	⿰章彡
2032	擒	41995	1917	15	qín	⿰扌禽
2033	撥	41957	2328	15	bō	⿰扌發
2034	快	41888	2985	7	kuài	⿰忄夬
2035	夙	41748	2663	6	sù	⿵𠘨歹
2036	沿	41726	2203	8	yán	⿰氵⿱𠘧口
2037	偉	41563	2372	11	wěi	⿰亻韋
2038	慨	41516	2367	12	kǎi	⿰忄既
2039	層	41506	2470	15	céng	⿸尸曾
2040	觧	41487	1838	13	jiě	⿰角羊
2041	擅	41469	2550	16	shàn	⿰扌亶
2042	緒	41460	2779	14	xù	⿰糹者
2043	誣	41455	2578	14	wū	⿰訁巫
2044	陋	41207	2840	8	lòu	⿰阝𫠥
2045	眠	41112	2192	10	mián	⿰目民
2046	羌	41076	1712	7	qiāng	⿸⺶乚
2047	億	41066	2866	15	yì	⿰亻意
2048	肩	41064	2805	8	jiān	⿸户⺝
2049	遁	40895	2620	12	dùn	⿺辶盾
2050	畿	40888	2019	15	jī	⿹{29}田
2051	抗	40860	2522	7	kàng	⿰扌亢
2052	恥	40858	2504	10	chǐ	⿰耳心
2053	豹	40751	2631	10	bào	⿰豸勺
2054	膺	40614	2525	17	yīng	⿸䧹⺝
2055	囊	40484	2873	22	náng	⿱{38}𱔞
2056	蒸	40471	2705	13	zhēng	⿱艹烝
2057	弄	40448	2640	7	nòng	⿱王廾
2058	析	40448	2714	8	xī	⿰木斤
2059	覩	40420	2940	15	dǔ	⿰者見
2060	邱	40417	1447	7	qiū	⿰丘阝
2061	閲	40371	2339	15	yuè	⿵門兑
2062	黜	40367	2316	17	chù	⿰黑出
2063	纔	40350	2768	23	cái	⿰糹毚
2064	托	40243	2377	6	tuō	⿰扌乇
2065	㳺	40187	2083	11	yóu	⿰氵⿰扌⿱𠂉子
2066	冥	40183	2891	10	míng	⿱冖昗
2067	拱	40098	2721	9	gǒng	⿰扌共
2068	朗	40081	2504	10	lǎng	⿰{17}月
2069	飢	40075	2583	10	jī	⿰飠几
2070	冒	40054	2522	9	mào	⿱冃目
2071	括	40053	2737	9	kuò	⿰扌舌
2072	虧	40026	2905	17	kuī	⿰雐亏
2073	弁	39918	1859	5	biàn	⿱厶廾
2074	効	39871	2171	8	xiào	⿰交力
2075	綸	39808	2577	14	lún	⿰糹侖
2076	網	39800	2923	14	wǎng	⿰糹罔
2077	繇	39737	2035	17	yáo	⿰䍃系
2078	涉	39720	2783	10	shè	⿰氵步
2079	勾	39617	2445	4	gōu	⿹勹厶
2080	綠	39589	1625	14	lǜ	⿰糹彔
2081	砂	39529	2059	9	shā	⿰石少
2082	遐	39464	2713	12	xiá	⿺辶叚
2083	曷	39416	2475	9	hé	⿱日匃
2084	禱	39403	2585	18	dǎo	⿰礻壽
2085	陟	39403	2458	9	zhì	⿰阝步
2086	韶	39399	2367	14	sháo	⿰音召
2087	狼	39370	2790	10	láng	⿰犭良
2088	涯	39333	2587	11	yá	⿰氵厓
2089	濤	39276	2302	17	tāo	⿰氵壽
2090	隄	39275	1744	11	dī tí	⿰阝是
2091	緯	39265	2568	15	wěi	⿰糹韋
2092	蜜	39222	1600	14	mì	⿱宓虫
2093	喬	39177	2407	12	qiáo	⿱呑冋
2094	臧	39114	2357	14	zāng	⿵{61}臣
2095	憑	39099	2857	16	píng	⿱馮心
2096	霍	39075	2320	16	huò	⿱雨隹
2097	睿	39064	2035	14	ruì	⿳{37}一⿱八𥃦
2098	銷	39005	2469	15	xiāo	⿰釒肖
2099	鱗	38987	2538	23	lín	⿰魚粦
2100	鞭	38960	2595	18	biān	⿰革便
2101	綺	38943	2300	14	qǐ	⿰糹奇
2102	伸	38914	2969	7	shēn	⿰亻申
2103	頒	38842	2191	13	bān	⿰分頁
2104	溺	38812	2867	13	nì	⿰氵弱
2105	租	38791	1847	10	zū	⿰禾且
2106	戮	38781	2460	15	lù	⿰翏戈
2107	箋	38776	1594	14	jiān	⿱𥫗戔
2108	雉	38749	2369	13	zhì	⿰矢隹
2109	甞	38717	1636	13	cháng	⿱𫩠甘
2110	箭	38715	2260	15	jiàn	⿱𥫗前
2111	謬	38692	2928	18	miù	⿰訁翏
2112	捐	38587	2353	10	juān	⿰扌肙
2113	諌	38551	1881	15	dǒng	⿰訁東
2114	寕	38512	1280	12	níng	⿳宀丆𦉬
2115	譬	38469	2679	20	pì	⿱辟言
2116	杏	38467	2133	7	xìng	⿱木口
2117	宵	38384	2470	10	xiāo	⿱宀肖
2118	瑟	38348	2306	13	sè	⿱玨必
2119	播	38324	2637	15	bō	⿰扌番
2120	挾	38275	2693	10	xié	⿰扌夾
2121	泊	38266	2389	8	pō	⿰氵白
2122	堤	38224	1878	12	dī tí	⿰土是
2123	竇	38222	2234	20	dòu	⿱穴賣
2124	䖍	38190	2256	10	qián	⿸虍攵
2125	碎	38171	2703	13	suì	⿰石卒
2126	疇	38147	2505	19	chóu	⿰田壽
2127	俄	38132	2353	9	é	⿰亻我
2128	奸	38104	2154	6	jiān	⿰女干
2129	胸	38097	2312	10	xiōng	⿰月匈
2130	詐	38074	2452	12	zhà	⿰訁乍
2131	陪	38070	2326	10	péi	⿰阝咅
2132	淑	38066	2329	11	shū	⿰氵叔
2133	湏	38006	1649	12	huì	⿰氵頁
2134	祕	38003	2441	9	mì	⿰礻必
2135	沛	37998	2330	7	pèi	⿰氵巿
2136	冝	37997	1727	7	yí	⿱冖且
2137	探	37962	2898	11	tàn	⿰扌罙
2138	俞	37944	2239	9	yú	⿱{88}⿰⺝刂
2139	躍	37930	2891	21	yuè	⿰𧾷翟
2140	罕	37855	2561	7	hǎn	⿱{80}干
2141	湛	37838	2644	12	zhàn	⿰氵甚
2142	樊	37797	2249	15	fán	⿱棥大
2143	晋	37762	1418	10	jìn	⿱亚日
2144	渉	37762	2394	11	shè	⿰氵歩
2145	軌	37756	2516	9	guǐ	⿰車九
2146	飽	37683	2871	13	bǎo	⿰飠包
2147	菴	37682	1738	11	ān	⿱艹奄
2148	眷	37680	2416	11	juàn	⿱龹目
2149	属	37679	1403	12	shǔ	⿸尸禹
2150	慢	37634	2990	14	màn	⿰忄曼
2151	恕	37585	2318	10	shù	⿱如心
2152	谿	37551	2020	17	xī	⿰奚谷
2153	薩	37540	1239	16	sà	⿱艹隡
2154	闢	37386	2725	21	pì	⿵門辟
2155	矯	37385	2685	17	jiǎo	⿰矢喬
2156	朴	37272	2523	6	pǔ	⿰木卜
2157	截	37253	2671	14	jié	⿹𢦏隹
2158	暉	37210	2357	13	huī	⿰日軍
2159	歛	37133	2461	17	hān	⿰僉欠
2160	雁	37114	1777	12	yàn	⿸厂倠
2161	蠶	37099	2209	24	cán	⿱朁䖵
2162	叩	37094	2679	5	kòu	⿰口卩
2163	脂	37029	2245	10	zhī	⿰月旨
2164	煮	37006	1744	12	zhǔ	⿱者灬
2165	舅	36980	2041	13	jiù	⿱臼男
2166	㸔	36927	1583	11		⿸𠂟目
2167	誕	36890	2744	13	dàn	⿰訁延
2168	脈	36786	1475	10	mài	⿰月𠂢
2169	淨	36774	2559	11	jìng	⿰氵爭
2170	壊	36743	2296	16	huài	⿰土⿱十𭾱
2171	祚	36733	2299	9	zuò	⿰礻乍
2172	巷	36714	2600	9	xiàng	⿱共巳
2173	番	36675	1910	12	fān	⿱釆田
2174	膚	36662	2756	15	fū	⿸虍胃
2175	従	36632	1234	10	cóng	⿰彳⿱䒑龰
2176	随	36631	1797	11	suí	⿰阝迶
2177	匡	36627	2452	6	kuāng	⿷匚王
2178	邾	36626	930	8	zhū	⿰朱阝
2179	牡	36615	2402	7	mǔ	⿰牜土
2180	筮	36608	2016	13	shì	⿱𥫗巫
2181	妖	36590	2892	7	yāo	⿰女夭
2182	緣	36590	2202	15	yuán	⿰糹彖
2183	俎	36580	1655	9	zǔ	⿰仌且
2184	稅	36542	1864	12	shuì	⿰禾兌
2185	濬	36441	1681	17	jùn	⿰氵睿
2186	卽	36439	843	9	jí	⿰皀卩
2187	堡	36398	902	12	bǎo	⿱保土
2188	俸	36388	1676	10	fèng	⿰亻奉
2189	斛	36373	2256	11	hú	⿰角斗
2190	誘	36369	2495	14	yòu	⿰訁秀
2191	觴	36333	2239	18	shāng	⿰角𬀷
2192	顛	36296	2917	19	diān	⿰真頁
2193	勘	36276	1810	11	kān	⿰甚力
2194	劄	36198	1267	14	zhá	⿰答刂
2195	魄	36112	3058	14	pò	⿰白鬼
2196	阜	36096	2453	8	fù	⿱𠂤十
2197	瀆	36065	2492	18	dú	⿰氵賣
2198	彩	36043	2574	11	cǎi	⿰采彡
2199	油	36021	2291	8	yóu	⿰氵由
2200	艾	36008	2445	5	ài	⿱艹乂
2201	劾	35957	1498	8	hé	⿰亥力
2202	泄	35896	2575	8	xiè	⿰氵世
2203	盞	35877	1295	13	zhǎn	⿱戔皿
2204	屠	35850	2464	11	tú	⿸尸者
2205	稀	35848	2294	12	xī	⿰禾希
2206	貽	35832	2565	12	yí	⿰貝台
2207	裂	35829	2858	12	liè	⿱列衣
2208	雕	35770	2481	16	diāo	⿰周隹
2209	叶	35769	1506	5	yè	⿰口十
2210	仇	35751	2468	4	chóu	⿰亻九
2211	賁	35708	2212	12	bì	⿱卉貝
2212	鈞	35681	2519	12	jūn	⿰釒匀
2213	壘	35629	2328	18	lěi	⿱畾土
2214	柄	35600	2716	9	bǐng	⿰木丙
2215	措	35598	2579	11	cuò	⿰扌昔
2216	棘	35592	2610	12	jí	⿰朿朿
2217	絡	35581	2488	12	luò	⿰糹各
2218	𤓰	35540	1861	4		㇯瓜丶
2219	揺	35529	2033	12	yáo	⿰扌⿱爫𠙻
2220	壤	35507	2618	20	rǎng	⿰土襄
2221	漠	35449	2367	13	mò	⿰氵莫
2222	漆	35445	2467	14	qī	⿰氵桼
2223	猷	35432	2205	13	yóu	⿰酋犬
2224	呂	35391	1622	7	lǚ	⿳口㇒口
2225	靣	35238	1825	8	miàn	⿱丆回
2226	洽	35233	2547	9	qià	⿰氵合
2227	宸	35196	1971	10	chén	⿱宀辰
2228	壓	35161	2532	17	yā	⿸厭土
2229	蓄	35150	2535	13	xù	⿱艹畜
2230	沃	35134	2458	7	wò	⿰氵夭
2231	肖	35064	2543	7	xiào	⿱⺌⺝
2232	渚	35031	2108	11	zhǔ	⿰氵者
2233	誼	35031	2190	15	yì	⿰訁宜
2234	潜	34949	2654	15	qián	⿰氵替
2235	需	34929	1897	14	xū	⿱雨而
2236	線	34905	1781	15	xiàn	⿰糹泉
2237	耿	34852	2230	10	gěng	⿰耳火
2238	暖	34851	2208	13	nuǎn	⿰日爰
2239	泗	34807	2095	8	sì	⿰氵四
2240	詢	34757	2387	13	xún	⿰訁旬
2241	籠	34705	2518	22	lóng	⿱𥫗龍
2242	餉	34687	1886	14	xiǎng	⿰飠向
2243	障	34676	2774	13	zhàng	⿰阝章
2244	鄂	34662	1723	11	è	⿰咢阝
2245	㕘	34641	1475	11		⿱厽尒
2246	衮	34618	2131	10	gǔn	⿳亠公𧘇
2247	勑	34591	1818	10	chì	⿰來力
2248	臂	34590	2585	17	bì	⿱辟⺝
2249	邇	34554	2564	17	ěr	⿺辶爾
2250	乖	34536	2982	8	guāi	⿻千北
2251	苓	34520	1274	8	líng	⿱艹令
2252	箕	34507	2647	14	jī	⿱𥫗其
2253	粗	34495	2575	11	cū	⿰米且
2254	梓	34475	2501	11	zǐ	⿰木辛
2255	肇	34469	2358	14	zhào	⿱𢼄聿
2256	檄	34372	1862	17	xí	⿰木敫
2257	沐	34322	2834	7	mù	⿰氵木
2258	液	34302	2559	11	yè	⿰氵夜
2259	墳	34296	2541	15	fén	⿰土賁
2260	幅	34267	2172	12	fú	⿰巾畐
2261	竝	34253	1154	10	bìng	⿰立立
2262	踈	34222	2473	14	shū	⿰𧾷束
2263	募	34207	1548	12	mù	⿱莫力
2264	樵	34181	2227	16	qiáo	⿰木焦
2265	胎	34176	2696	9	tāi	⿰月台
2266	這	34154	1136	10	zhè	⿺辶言
2267	妨	34152	2808	7	fáng	⿰女方
2268	壹	34121	1445	12	yī	⿱⿱士冖豆
2269	膠	34074	2412	15	jiāo	⿰月翏
2270	郷	34058	1697	10	xiāng	⿲乡{18}阝
2271	濫	34057	2482	17	làn	⿰氵監
2272	㓜	34046	2139	5	yòu	⿰幺刀
2273	暢	34043	2811	14	chàng	⿰申昜
2274	怠	34022	2653	9	dài	⿱台心
2275	匈	33996	1268	6	xiōng	⿹勹凶
2276	崑	33977	2345	11	kūn	⿱山昆
2277	峽	33964	1719	10	xiá	⿰山夾
2278	打	33929	2235	5	dǎ	⿰扌丁
2279	苔	33909	1647	8	tái	⿱艹台
2280	潁	33900	1809	15	yǐng	⿰⿱匕水頁
2281	絹	33872	1831	13	juàn	⿰糹肙
2282	収	33871	1918	4	shōu	⿰丩又
2283	衢	33839	2575	24	qú	⿲彳瞿亍
2284	賑	33836	1436	14	zhèn	⿰貝辰
2285	敝	33781	2354	11	bì	⿰㡀攵
2286	蹇	33776	2335	17	jiǎn	⿱𡨄足
2287	纎	33770	2414	21	xiān	⿰糹韯
2288	浚	33696	1825	10	jùn	⿰氵夋
2289	柏	33689	2089	9	bǎi bó	⿰木白
2290	衙	33678	1758	13	yá	⿲彳吾亍
2291	姿	33667	2198	9	zī	⿱次女
2292	喇	33658	439	12	lǎ	⿰口剌
2293	筋	33648	2303	12	jīn	⿱𥫗肋
2294	奕	33598	2326	9	yì	⿱亦大
2295	牆	33575	2178	17	qiáng	⿰爿嗇
2296	閔	33572	2118	12	mǐn	⿵門文
2297	薪	33457	2570	16	xīn	⿱艹新
2298	勃	33393	2206	9	bó	⿰孛力
2299	敖	33345	1751	10	áo	⿰𫠤攵
2300	𦵏	33290	1383	13		⿳艹死大
2301	憤	33282	2374	15	fèn	⿰忄賁
2302	荘	33268	1596	9	zhuāng	⿱艹壮
2303	瑶	33257	2231	14	yáo	⿰𤣩䍃
2304	册	33198	1790	5	cè	⿻⿰⺆⺆一
2305	凖	33142	2204	12	zhǔn	⿱准十
2306	匠	33102	2502	6	jiàng	⿷匚斤
2307	慧	33071	2605	15	huì	⿱彗心
2308	旨	33017	2077	6	zhǐ	⿱匕日
2309	紂	32915	1758	9	zhòu	⿰糹寸
2310	勵	32888	2063	16	lì	⿰厲力
2311	派	32882	1727	9	pài	⿰氵𠂢
2312	檀	32855	2290	17	tán	⿰木亶
2313	笙	32829	2119	11	shēng	⿱𥫗生
2314	跋	32818	2121	12	bá	⿰𧾷犮
2315	叟	32753	2205	9	sǒu	⿱𦥔又
2316	邀	32749	2330	16	yāo	⿺辶敫
2317	婚	32717	2229	11	hūn	⿰女昏
2318	枉	32694	2732	8	wǎng	⿰木王
2319	沮	32643	2253	8	jǔ	⿰氵且
2320	攀	32621	2354	19	pān	⿱樊手
2321	綴	32618	2569	14	zhuì	⿰糹叕
2322	牒	32600	2002	13	dié	⿰片枼
2323	芒	32576	2656	6	máng	⿱艹亡
2324	榆	32544	2183	13	yú	⿰木俞
2325	昊	32542	2129	8	hào	⿱日天
2326	摧	32529	2688	14	cuī	⿰扌崔
2327	圃	32511	2415	10	pǔ	⿴囗甫
2328	爐	32488	2433	20	lú	⿰火盧
2329	膝	32479	2439	15	xī	⿰月桼
2330	綬	32474	1938	14	shòu	⿰糹受
2331	鮑	32474	1981	16	bào	⿰魚包
2332	廻	32449	1784	8	huí	⿺廴回
2333	碩	32418	2119	14	shuò	⿰石頁
2334	咽	32403	2386	9	yàn	⿰口因
2335	膽	32403	2307	17	dǎn	⿰月詹
2336	汴	32361	1676	7	biàn	⿰氵卞
2337	夘	32358	1719	5	mǎo	⿰夕卩
2338	邁	32356	2396	15	mài	⿺辶萬
2339	魁	32354	2431	13	kuí	⿺鬼斗
2340	隣	32329	2298	14	lín	⿰阝粦
2341	亞	32321	2335	8	yà	⿱{40}一
2342	稼	32292	2460	15	jià	⿰禾家
2343	曜	32285	2209	18	yào	⿰日翟
2344	磬	32283	2099	16	qìng	⿱殸石
2345	睡	32254	2177	13	shuì	⿰目垂
2346	塲	32238	2011	14	cháng	⿰土𬀷
2347	飭	32214	1804	12	chì	⿰飠𱐩
2348	禎	32182	1474	13	zhēn	⿰礻貞
2349	莖	32085	2013	10	jīng	⿱艹巠
2350	汾	31977	1886	7	fén	⿰氵分
2351	握	31910	2964	12	wò	⿰扌屋
2352	劇	31852	2214	15	jù	⿰豦刂
2353	疊	31844	2369	22	dié	⿱畾冝
2354	偕	31820	2380	11	xié	⿰亻皆
2355	欵	31806	2165	11	kuǎn	⿰𠤕欠
2356	電	31766	2688	13	diàn	⿱雨{46}
2357	輦	31734	2176	15	niǎn	⿱㚘車
2358	鄒	31715	2060	12	zōu	⿰芻阝
2359	浴	31705	2788	10	yù	⿰氵谷
2360	稻	31681	2180	15	dào	⿰禾舀
2361	版	31677	2216	8	bǎn	⿰片反
2362	㝠	31674	2485	11	míng	⿱宀昗
2363	函	31638	2497	8	hán	⿶凵⿱乛氺
2364	悼	31614	2113	11	dào	⿰忄卓
2365	貯	31591	2160	12	zhù	⿰貝宁
2366	憚	31505	2474	15	dàn	⿰忄單
2367	莒	31482	1252	9	jǔ	⿱艹吕
2368	裔	31481	2313	13	yì	⿱衣冏
2369	冲	31479	2477	6	chōng	⿰冫中
2370	斧	31396	2706	8	fǔ	⿱父斤
2371	帷	31349	2231	11	wéi	⿰巾隹
2372	鈔	31343	1380	12	chāo	⿰釒少
2373	翟	31336	1965	14	dí	⿱羽隹
2374	着	31324	1992	11	zhe	⿸⺶目
2375	羙	31319	1449	10	gāo	⿱𦍌火
2376	隸	31312	1134	17	lì	⿰柰隶
2377	榜	31295	1939	14	bǎng	⿰木旁
2378	袖	31251	2265	10	xiù	⿰衤由
2379	嗜	31238	2733	13	shì	⿰口耆
2380	甸	31199	1878	7	diàn	⿹勹田
2381	逾	31168	2368	12	yú	⿺辶俞
2382	謫	31137	2215	18	zhé	⿰訁啇
2383	澹	31121	2156	16	dàn	⿰氵詹
2384	促	31117	2659	9	cù	⿰亻足
2385	寥	31117	2342	14	liáo	⿱宀翏
2386	迫	31044	2590	8	pò	⿺辶白
2387	駭	31042	2656	16	hài	⿰馬亥
2388	犀	31032	2120	12	xī	⿸尸⿱氺牛
2389	濯	30996	2425	17	zhuó	⿰氵翟
2390	闔	30934	2607	18	hé	⿵門盍
2391	壞	30906	2671	19	huài	⿰土褱
2392	勁	30903	2336	9	jìn	⿰巠力
2393	扁	30877	2168	9	biǎn	⿸户𠕁
2394	捨	30867	2623	11	shě	⿰扌舍
2395	吞	30821	2770	7	tūn	⿱天口
2396	㧞	30810	2101	8		⿰扌叐
2397	椒	30799	2076	12	jiāo	⿰木叔
2398	侈	30775	2435	8	chǐ	⿰亻多
2399	珪	30774	1889	10	guī	⿰𤣩圭
2400	栢	30769	2318	10	bǎi	⿰木百
2401	換	30752	2386	12	huàn	⿰扌奐
2402	矩	30717	2320	9	jǔ	⿰矢巨
2403	祁	30664	1887	6	qí	⿰礻阝
2404	鈎	30636	2522	12	gōu	⿰釒勾
2405	般	30585	2489	10	bān	⿰舟殳
2406	諒	30585	2299	15	liàng	⿰訁京
2407	蕪	30540	2351	15	wú	⿱艹無
2408	匿	30539	2421	10	nì	⿷匚若
2409	森	30513	2254	12	sēn	⿱木林
2410	醴	30500	2172	20	lǐ	⿰酉豊
2411	縮	30484	2505	17	suō	⿰糹宿
2412	棟	30465	2324	12	dòng	⿰木東
2413	畔	30380	2559	10	pàn	⿰田半
2414	詰	30360	2472	13	jié	⿰訁吉
2415	噶	30322	325	15	gá	⿰口葛
2416	濶	30318	2153	17	kuò	⿰氵䦚
2417	紳	30283	2053	11	shēn	⿰糹申
2418	隙	30274	2550	12	xì	⿰阝𡭴
2419	札	30255	2353	5	zhá	⿰木乚
2420	岑	30252	1894	7	cén	⿱山今
2421	术	30210	1036	5	shù	⿺木丶
2422	伴	30199	2034	7	bàn	⿰亻半
2423	訛	30193	2362	11	é	⿰訁化
2424	慙	30140	2081	15	cán	⿱斬心
2425	隊	30126	1818	11	duì	⿰阝㒸
2426	朽	30099	2738	6	xiǔ	⿰木丂
2427	蟬	30056	2099	18	chán	⿰虫單
2428	襟	30049	2239	18	jīn	⿰衤禁
2429	虹	29984	2099	9	hóng	⿰虫工
2430	粲	29975	2182	13	càn	⿱𣦼米
2431	灑	29806	2365	22	sǎ	⿰氵麗
2432	萌	29751	2710	11	méng	⿱艹明
2433	减	29730	2004	11	jiǎn	⿰冫咸
2434	鵲	29723	2263	19	què	⿰昔鳥
2435	栗	29671	2337	10	lì	⿱覀木
2436	鳩	29590	2281	13	jiū	⿰九鳥
2437	豕	29531	2191	7	shǐ	⿱一𧰨
2438	橘	29526	1845	16	jú	⿰木矞
2439	閱	29474	2183	15	yuè	⿵門兌
2440	庻	29441	1747	11	shù	⿸广⿱廿从
2441	邕	29440	1587	10	yōng	⿱巛邑
2442	滓	29437	1601	13	zǐ	⿰氵宰
2443	妹	29380	2011	8	mèi	⿰女未
2444	輯	29380	2220	16	jí	⿰車咠
2445	彖	29352	1126	9	tuàn	⿱彑𧰨
2446	軸	29311	2378	12	zhóu	⿰車由
2447	騷	29309	2178	19	sāo	⿰馬蚤
2448	乍	29303	2164	5	zhà	⿸⿱𠂉丨二
2449	阮	29296	1996	6	ruǎn	⿰阝元
2450	狗	29278	2415	8	gǒu	⿰犭句
2451	評	29223	2185	12	píng	⿰訁平
2452	確	29220	2205	15	què	⿰石隺
2453	做	29212	1324	11	zuò	⿰亻故
2454	攜	29179	1971	21	xié	⿰扌巂
2455	戾	29151	2592	8	lì	⿸户犬
2456	諾	29150	2138	15	nuò	⿰訁若
2457	央	29137	2757	5	yāng	⿻𠀃人
2458	島	29136	2021	10	dǎo	⿹{47}山
2459	逝	29102	2438	10	shì	⿺辶折
2460	棠	29074	2113	12	táng	⿱𫩠木
2461	膳	29072	1923	16	shàn	⿰月善
2462	護	28926	2412	20	hù	⿰訁蒦
2463	懲	28870	2189	19	chéng	⿱徵心
2464	劑	28843	1553	16	jì	⿰齊刂
2465	蹈	28839	2571	17	dǎo	⿰𧾷舀
2466	拉	28837	1093	8	lā	⿰扌立
2467	麾	28836	2082	15	huī	⿸麻毛
2468	猿	28823	1886	13	yuán	⿰犭袁
2469	刃	28806	2380	3	rèn	⿹刀㇒
2470	閤	28780	1601	14	gé	⿵門合
2471	挺	28677	2383	9	tǐng	⿰扌廷
2472	蔣	28625	1887	14	jiǎng	⿱艹將
2473	翩	28603	1941	15	piān	⿰扁羽
2474	燥	28582	1931	17	zào	⿰火喿
2475	棺	28544	2079	12	guān	⿰木官
2476	禘	28519	1031	13	dì	⿰礻帝
2477	㦸	28421	2183	12	jǐ	⿰卓戈
2478	聼	28403	1357	19	tīng	⿰⿱乛耳𢛳
2479	醒	28403	2174	16	xǐng	⿰酉星
2480	蠲	28390	1818	23	juān	⿰益蜀
2481	筠	28389	1703	13	yún	⿱𥫗均
2482	璽	28383	1583	19	xǐ	⿱爾玉
2483	槐	28358	2069	13	huái	⿰木鬼
2484	療	28329	1795	17	liáo	⿸疒尞
2485	醜	28312	2668	16	chǒu	⿰酉鬼
2486	笛	28308	1752	11	dí	⿱𥫗由
2487	覲	28301	2095	18	jìn	⿰堇見
2488	籌	28285	2063	20	chóu	⿱𥫗壽
2489	扈	28275	1958	11	hù	⿸户邑
2490	恣	28271	2606	10	zì	⿱次心
2491	樽	28213	1982	16	zūn	⿰木尊
2492	堰	28199	1057	12	yàn	⿰土匽
2493	嘯	28189	2408	16	xiào	⿰口肅
2494	胄	28177	2110	9	zhòu	⿱由⺝
2495	誨	28117	2195	14	huì	⿰訁每
2496	邢	28087	1674	6	xíng	⿰开阝
2497	丗	28082	370	5	shì	⿻廿丨
2498	楹	28054	1920	13	yíng	⿰木盈
2499	鎭	28046	1415	18	zhèn	⿰釒眞
2500	拙	28018	2480	8	zhuō	⿰扌出
2501	簫	28018	2054	19	xiāo	⿱𥫗肅
2502	耗	28016	2258	10	hào	⿰耒毛
2503	婁	28010	2021	11	lóu	⿱⿻⿱⿻口一口丨女
2504	饌	27961	1883	20	zhuàn	⿰飠巽
2505	訣	27958	2549	11	jué	⿰訁夬
2506	坦	27940	2311	8	tǎn	⿰土旦
2507	禀	27922	2587	13	bǐng	⿱㐭示
2508	悵	27914	1883	11	chàng	⿰忄長
2509	圜	27896	1841	16	huán	⿴囗睘
2510	埋	27895	2557	10	mái	⿰土里
2511	演	27890	2542	14	yǎn	⿰氵寅
2512	酸	27839	2174	14	suān	⿰酉夋
2513	𥘉	27835	553	6		⿰礻刀
2514	鋪	27809	2199	15	pù	⿰釒甫
2515	芍	27789	1165	6	sháo	⿱艹勺
2516	滕	27778	1978	15	téng	⿰月𣳾
2517	鬢	27744	1809	24	bìn	⿱髟賓
2518	媚	27708	2491	12	mèi	⿰女眉
2519	挽	27691	2310	10	wǎn	⿰扌免
2520	佞	27680	2235	7	nìng	⿰亻𡚬
2521	淸	27535	798	11	qīng	⿰氵靑
2522	漿	27519	2435	15	jiāng	⿱將水
2523	詹	27519	1685	13	zhān	⿸厃⿱八言
2524	冶	27514	2460	7	yě	⿰冫台
2525	倡	27479	2306	10	chàng	⿰亻昌
2526	轄	27476	1600	17	xiá	⿰車害
2527	模	27445	2511	14	mó	⿰木莫
2528	頼	27432	2140	16	lài	⿰束頁
2529	芙	27415	1764	7	fú	⿱艹夫
2530	轍	27404	2301	19	zhé	⿰車𰕎
2531	纓	27351	2215	23	yīng	⿰糹嬰
2532	鄴	27337	1463	15	yè	⿰業阝
2533	蓉	27327	1719	13	róng	⿱艹容
2534	綵	27324	2059	14	cǎi	⿰糹采
2535	諧	27255	2434	16	xié	⿰訁皆
2536	態	27241	2357	14	tài	⿱能心
2537	街	27196	1988	12	jiē	⿲彳圭亍
2538	懇	27195	1979	17	kěn	⿱貇心
2539	茯	27193	730	9	fú	⿱艹伏
2540	掖	27191	2068	11	yē	⿰扌夜
2541	虐	27187	2238	9	nüè	⿸虍𰀂
2542	㫁	27155	1699	14	duàn	⿰⿺𠃊⿱𢆶兀斤
2543	袍	27108	2076	10	páo	⿰衤包
2544	煥	27041	2201	13	huàn	⿰火奐
2545	丕	27035	1866	5	pī	⿱不一
2546	䧟	27032	1787	13	xiàn	⿰阝舀
2547	竄	27022	2327	18	cuàn	⿱穴鼠
2548	畆	26979	1691	9	mǔ	⿰亩厶
2549	粹	26963	2249	14	cuì	⿰米卒
2550	濃	26961	1951	16	nóng	⿰氵農
2551	𩔖	26950	649	18		⿰类頁
2552	捧	26941	2229	11	pěng	⿰扌奉
2553	藤	26929	1749	18	téng	⿱艹滕
2554	寐	26837	2551	12	mèi	⿱宀𱭏
2555	濡	26821	2443	17	rú	⿰氵需
2556	霽	26791	2044	22	jì	⿱雨齊
2557	寰	26788	1836	16	huán	⿱宀睘
2558	睦	26784	2133	13	mù	⿰目坴
2559	槩	26715	2499	13	gài	⿱既木
2560	羡	26663	2078	12	xiàn	⿱𦍌次
2561	璞	26610	1859	16	pú	⿰𤣩菐
2562	壅	26595	2044	16	yōng	⿱雍土
2563	吝	26560	2105	7	lìn	⿱文口
2564	溫	26547	1461	13	wēn	⿰氵𥁕
2565	杞	26495	1962	7	qǐ	⿰木己
2566	佑	26382	2100	7	yòu	⿰亻右
2567	訴	26382	2144	12	sù	⿰訁斥
2568	僻	26288	2626	15	pì	⿰亻辟
2569	皓	26285	2301	12	hào	⿰白告
2570	状	26271	1580	7	zhuàng	⿰丬犬
2571	祇	26246	2343	8	qí	⿰礻氏
2572	頴	26242	2002	16	yǐng	⿰𥘈頁
2573	痰	26209	560	13	tán	⿸疒炎
2574	亢	26204	2314	4	kàng	⿱亠几
2575	葵	26153	2050	12	kuí	⿱艹癸
2576	轅	26137	2383	17	yuán	⿰車袁
2577	淪	26102	2740	11	lún	⿰氵侖
2578	馭	26085	2298	12	yù	⿰馬又
2579	駿	26062	2074	17	jùn	⿰馬夋
2580	貸	26044	1957	12	dài	⿱代貝
2581	墻	26026	2318	16	qiáng	⿰土嗇
2582	軫	26021	2028	12	zhěn	⿰車㐱
2583	蹟	26010	1756	18	jī	⿰𧾷責
2584	畨	25997	1679	11	pān	⿱米田
2585	硯	25980	1697	12	yàn	⿰石見
2586	萃	25949	2194	11	cuì	⿱艹卒
2587	剉	25920	670	9	cuò	⿰坐刂
2588	涵	25915	2178	11	hán	⿰氵函
2589	綽	25903	1986	14	chuò	⿰糹卓
2590	戀	25879	2428	23	liàn	⿱䜌心
2591	欠	25873	2023	4	qiàn	⿱⿰㇒乛人
2592	疲	25856	2271	10	pí	⿸疒皮
2593	柯	25855	2299	9	kē	⿰木可
2594	岱	25840	1717	8	dài	⿱代山
2595	漳	25800	1539	14	zhāng	⿰氵章
2596	琅	25765	2085	11	láng	⿰𤣩良
2597	糾	25743	1955	8	jiū	⿰糹丩
2598	臘	25726	2126	19	là	⿰月巤
2599	饋	25689	2094	20	kuì	⿰飠貴
2600	奢	25687	2247	11	shē	⿱大者
2601	批	25683	1603	7	pī	⿰扌比
2602	喧	25645	2101	12	xuān	⿰口宣
2603	肌	25644	2158	6	jī	⿰月几
2604	鉅	25597	1966	12	jù	⿰釒巨
2605	港	25588	1008	12	gǎng	⿰氵巷
2606	冢	25584	1800	10	zhǒng	⿱冖豖
2607	鶯	25566	1437	21	yīng	⿱𤇾鳥
2608	夭	25543	2645	4	yāo	⿱㇒大
2609	鷹	25538	2138	24	yīng	⿸䧹鳥
2610	恱	25524	1841	9	yuè	⿰忄兊
2611	核	25524	2128	10	hé	⿰木亥
2612	揆	25517	2297	12	kuí	⿰扌癸
2613	灘	25501	1610	22	tān	⿰氵難
2614	剪	25492	2372	11	jiǎn	⿱前刀
2615	別	25488	1420	7	bié	⿰𠮠刂
2616	郢	25488	1726	9	yǐng	⿰呈阝
2617	疋	25461	1428	5	pǐ	⿱乛龰
2618	兖	25411	1499	8	yǎn	⿱亠兊
2619	恢	25352	2090	9	huī	⿰忄灰
2620	婢	25337	1902	11	bì	⿰女卑
2621	驍	25327	1107	22	xiāo	⿰馬堯
2622	控	25300	2107	11	kòng	⿰扌空
2623	冉	25295	1955	5	rǎn	⿻冂土
2624	鷄	25257	2090	21	jī	⿰奚鳥
2625	寃	25245	1937	11	yuān	⿱宀兔
2626	遏	25235	2460	12	è	⿺辶曷
2627	件	25153	1459	6	jiàn	⿰亻牛
2628	闊	25141	2137	17	kuò	⿵門活
2629	穢	25112	2797	18	huì	⿰禾歲
2630	姪	25109	2002	9	zhí	⿰女至
2631	蛟	25066	2099	12	jiāo	⿰虫交
2632	陌	25057	2013	8	mò	⿰阝百
2633	搗	25037	1066	13	dǎo	⿰扌島
2634	群	24954	1664	13	qún	⿰君羊
2635	愆	24934	2539	13	qiān	⿱衍心
2636	填	24891	2190	13	tián	⿰土真
2637	粒	24889	2190	11	lì	⿰米立
2638	渴	24880	2134	12	kě	⿰氵曷
2639	隘	24878	2139	12	ài	⿰阝益
2640	籬	24806	2061	24	lí	⿱𥫗離
2641	奥	24775	2687	12	ào	⿳㇒𭁨大
2642	麓	24773	1915	19	lù	⿱林鹿
2643	琳	24770	1846	12	lín	⿰𤣩林
2644	灣	24768	1381	25	wān	⿰氵彎
2645	藴	24736	2608	18	yùn	⿱艹緼
2646	廊	24727	2045	11	láng	⿸广郎
2647	桀	24700	1896	10	jié	⿱舛木
2648	繆	24694	2256	17	móu	⿰糹翏
2649	遙	24685	1660	13	yáo	⿺辶⿱𱼀缶
2650	縷	24682	2306	17	lǚ	⿰糹婁
2651	鉛	24667	1881	13	qiān	⿰釒⿱𠘧口
2652	漲	24650	1765	14	zhǎng	⿰氵張
2653	劫	24639	1923	7	jié	⿰去力
2654	蔓	24614	2283	14	màn	⿱艹曼
2655	竿	24612	2171	9	gān	⿱𥫗干
2656	衷	24554	2276	10	zhōng	⿳亠中𧘇
2657	鵠	24535	2037	18	hú	⿰告鳥
2658	煉	24525	1653	13	liàn	⿰火柬
2659	蔵	24520	1592	14	zāng	⿱艹𮍏
2660	翳	24476	2351	17	yì	⿱殹羽
2661	輅	24424	1574	13	lù	⿰車各
2662	䖏	24399	991	11	chǔ	⿸虍⿻勿乀
2663	暨	24399	1967	14	jì	⿱既旦
2664	瀉	24391	1407	18	xiè	⿰氵寫
2665	踏	24378	2042	15	tà	⿰𧾷沓
2666	替	24306	2413	12	tì	⿱㚘日
2667	刋	24300	2498	5	qiàn	⿰{109}刂
2668	邈	24266	2282	17	miǎo	⿺辶貌
2669	宥	24258	2043	9	yòu	⿱宀有
2670	㕔	24248	1510	24		⿸厂聽
2671	攷	24226	1775	6	kǎo	⿰丂攵
2672	乂	24209	1907	2	yì	乂
2673	楷	24178	1637	13	kǎi	⿰木皆
2674	閘	24174	660	13	zhá	⿵門甲
2675	凍	24160	2305	10	dòng	⿰冫東
2676	捷	24116	2153	11	jié	⿰扌疌
2677	喀	24092	282	12	kā	⿰口客
2678	檜	24091	1557	17	guì	⿰木會
2679	狹	24036	2400	10	xiá	⿰犭夾
2680	飬	24031	1639	13	juàn	⿱龹良
2681	掾	24026	1569	12	yuàn	⿰扌彖
2682	儼	24019	2288	21	yǎn	⿰亻嚴
2683	趾	24011	2078	11	zhǐ	⿰𧾷止
2684	灼	24002	2378	7	zhuó	⿰火勺
2685	蔚	23957	2062	14	wèi	⿱艹尉
2686	屑	23942	2318	10	xiè	⿸尸肖
2687	梗	23894	2168	11	gěng	⿰木更
2688	詭	23889	2361	13	guǐ	⿰訁危
2689	狩	23887	1955	9	shòu	⿰犭守
2690	庠	23859	1776	9	xiáng	⿸广羊
2691	䕫	23856	1773	20	kuí	⿱艹⿱⿲止白巳⿱八夊
2692	黔	23835	1854	16	qián	⿰黑今
2693	抽	23834	2298	8	chōu	⿰扌由
2694	恪	23767	1874	9	kè	⿰忄各
2695	剥	23755	2262	10	bō	⿰录刂
2696	洙	23751	1348	9	zhū	⿰氵朱
2697	簷	23733	1815	19	yán	⿱𥫗詹
2698	嘔	23730	1265	14	ǒu	⿰口區
2699	架	23727	2054	9	jià	⿱加木
2700	鑲	23714	232	25	xiāng	⿰釒襄
2701	弩	23708	1804	8	nǔ	⿱奴弓
2702	繹	23704	2130	19	yì	⿰糹睪
2703	璋	23693	1677	15	zhāng	⿰𤣩章
2704	秒	23676	289	9	miǎo	⿰禾少
2705	聨	23674	1847	15	lián	⿰耳𢇂
2706	株	23655	2264	10	zhū	⿰木朱
2707	滴	23646	1990	14	dī	⿰氵啇
2708	粥	23634	1877	12	zhōu	⿲弓米弓
2709	瘦	23629	1931	14	shòu	⿸疒叟
2710	帆	23601	1496	6	fān fán	⿰巾凡
2711	蠱	23595	1817	23	gǔ	⿱蟲皿
2712	押	23578	1559	8	yā	⿰扌甲
2713	芻	23547	2190	10	chú	⿱⿹勹䶹⿹勹䶹
2714	賂	23501	1701	13	lù	⿰貝各
2715	沸	23492	2094	8	fèi	⿰氵弗
2716	渙	23478	1870	12	huàn	⿰氵奐
2717	蘿	23470	1706	22	luó	⿱艹羅
2718	夲	23459	1022	5	tāo	⿱大十
2719	遯	23426	1890	14	dùn	⿺辶豚
2720	刼	23422	1988	8	jié	⿰去刃
2721	謗	23412	2217	17	bàng	⿰訁旁
2722	埃	23390	2075	10	āi	⿰土矣
2723	邸	23386	1827	7	dǐ	⿰氐阝
2724	洩	23382	1888	9	xiè	⿰氵曳
2725	羮	23376	1943	15	gēng	⿱羔⿱一夫
2726	灸	23346	700	7	jiǔ	⿱久火
2727	詎	23286	1955	11	jù	⿰訁巨
2728	嚮	23279	2103	17	xiàng	⿱鄉向
2729	諷	23220	2141	16	fěng fèng	⿰訁風
2730	繪	23201	2003	19	huì	⿰糹會
2731	䑕	23197	1894	11	shǔ	⿱臼𠂡
2732	疼	23174	480	10	téng	⿸疒冬
2733	鋭	23148	1901	15	ruì	⿰釒兑
2734	譚	23112	1750	19	tán	⿰訁覃
2735	沾	23071	2258	8	zhān	⿰氵占
2736	摘	23066	2344	14	zhāi	⿰扌啇
2737	臭	23055	2427	10	chòu	⿱自犬
2738	隻	23021	1871	10	zhī	⿱隹又
2739	銓	22878	1556	14	quán	⿰釒全
2740	廓	22875	2341	13	kuò	⿸广郭
2741	閻	22874	1988	16	yán	⿵門臽
2742	弛	22791	2081	6	chí	⿰弓也
2743	輟	22764	2256	15	chuò	⿰車叕
2744	炳	22761	2048	9	bǐng	⿰火丙
2745	斑	22727	1895	12	bān	⿲𤣩文王
2746	認	22721	2220	14	rèn	⿰訁忍
2747	透	22710	2096	10	tòu	⿺辶秀
2748	懋	22678	1543	17	mào	⿱楙心
2749	酣	22677	2055	12	hān	⿰酉甘
2750	濮	22668	1594	17	pú	⿰氵僕
2751	貼	22666	1545	12	tiē	⿰貝占
2752	牟	22615	1762	6	móu	⿱厶牛
2753	恬	22608	2419	9	tián	⿰忄舌
2754	鍊	22606	2291	17	liàn	⿰釒柬
2755	忿	22600	2278	8	fèn	⿱分心
2756	驟	22580	2469	24	zhòu	⿰馬聚
2757	羸	22576	2198	19	léi	⿱吂⿲月羊凡
2758	竈	22539	2221	21	zào	⿱𥤧黽
2759	脊	22539	1940	10	jǐ	⿱⿻人{11}⺝
2760	盆	22537	2108	9	pén	⿱分皿
2761	煌	22536	1758	13	huáng	⿰火皇
2762	扎	22533	728	4	zhā	⿰扌乚
2763	拳	22525	2241	10	quán	⿱龹手
2764	鬚	22523	2004	22	xū	⿱髟須
2765	喉	22510	1945	12	hóu	⿰口侯
2766	遮	22479	2216	14	zhē	⿺辶庶
2767	苖	22457	1659	8	dí	⿱艹由
2768	悶	22454	1927	12	mèn	⿵門心
2769	杳	22451	2153	8	yǎo	⿱木日
2770	穎	22446	1731	16	yǐng	⿰⿱匕禾頁
2771	頑	22437	2606	13	wán	⿰元頁
2772	鞍	22420	1787	15	ān	⿰革安
2773	鬬	22370	1909	25	dòu	⿵鬥⿰𬻞斤
2774	搜	22351	2366	12	sōu	⿰扌叟
2775	姻	22327	2087	9	yīn	⿰女因
2776	祔	22316	1182	9	fù	⿰礻付
2777	岀	22315	1430	6	chū	⿱山山
2778	奄	22298	2064	8	yǎn	⿱大电
2779	凰	22259	1998	11	huáng	⿵𠘨皇
2780	䑓	22173	1257	13	tái	⿱⿱⿵卄𠄠冖至
2781	挂	22166	1658	9	guà	⿰扌圭
2782	霑	22154	1869	16	zhān	⿱雨沾
2783	呪	22141	1303	8	zhòu	⿰口兄
2784	誇	22126	2362	13	kuā	⿰訁夸
2785	掛	22125	2141	11	guà	⿰扌卦
2786	翊	22055	1741	11	yì	⿰立羽
2787	慘	22036	2282	14	cǎn	⿰忄參
2788	弧	22015	1606	8	hú	⿰弓瓜
2789	脅	21999	1873	10	xié	⿱劦⺝
2790	偷	21976	2363	11	tōu	⿰亻俞
2791	踵	21963	2386	16	zhǒng	⿰𧾷重
2792	惻	21941	2164	12	cè	⿰忄則
2793	粤	21934	1629	12	yuè	⿳㇒𡇒丂
2794	徊	21914	2147	9	huái	⿰彳回
2795	兔	21891	1980	8	tù	⿷免丶
2796	殯	21881	1490	18	bìn	⿰歹賓
2797	贖	21872	1813	22	shú	⿰貝賣
2798	㓂	21850	1554	9	kòu	⿱冖⿺元女
2799	熒	21838	1921	14	yíng	⿱𤇾火
2800	構	21777	1872	14	gòu	⿰木冓
2801	巍	21762	2098	20	wēi	⿱山魏
2802	裹	21760	2142	14	guǒ	⿳亠果𧘇
2803	系	21715	2014	7	xì	⿱㇒糸
2804	糴	21681	1300	22	dí	⿰籴翟
2805	梵	21663	1789	11	fàn	⿱林凡
2806	𤼵	21655	567	13		⿱癶矤
2807	㨗	21622	1729	12	jié	⿰扌⿳⺊𫜹龰
2808	鷗	21620	1471	22	ōu	⿰區鳥
2809	庵	21573	1486	11	ān	⿸广奄
2810	瀛	21554	1751	19	yíng	⿰氵嬴
2811	侮	21534	2269	9	wǔ	⿰亻每
2812	瓜	21533	1783	5	guā	瓜
2813	腦	21526	1869	13	nǎo	⿰月𡿺
2814	樸	21521	2110	16	pǔ	⿰木菐
2815	匱	21513	2187	14	guì	⿷匚貴
2816	跨	21502	2158	13	kuà	⿰𧾷夸
2817	轡	21500	2078	22	pèi	⿱𦆕口
2818	牘	21497	1839	19	dú	⿰片賣
2819	皎	21490	1934	11	jiǎo	⿰白交
2820	厄	21460	2367	4	è	⿸厂㔾
2821	挑	21451	1788	9	tiāo	⿰扌兆
2822	墟	21442	2171	14	xū	⿰土虚
2823	它	21430	1541	5	tā	⿱宀匕
2824	鼠	21427	1984	13	shǔ	⿱臼{16}
2825	湧	21425	2075	12	yǒng	⿰氵勇
2826	蝶	21394	1515	15	dié	⿰虫枼
2827	沂	21353	1687	7	yí	⿰氵斤
2828	倘	21322	1798	10	tǎng	⿰亻尚
2829	悖	21315	2182	10	bèi	⿰忄孛
2830	緡	21257	1491	15	mín	⿰糹昬
2831	技	21243	2214	7	jì	⿰扌支
2832	嶠	21192	1550	15	jiào	⿰山喬
2833	僭	21165	1757	14	jiàn	⿰亻朁
2834	彬	21146	1522	11	bīn	⿰林彡
2835	徇	21140	1907	9	xùn	⿰彳旬
2836	牖	21134	2347	15	yǒu	⿰片⿸户甫
2837	逋	21124	1935	10	bū	⿺辶甫
2838	殁	21122	1743	8	mò	⿰歹殳
2839	裝	21122	2111	13	zhuāng	⿱壯衣
2840	烝	21108	1730	10	zhēng	⿱丞灬
2841	臥	21108	1460	8	wò	⿰臣人
2842	滌	21099	2508	13	dí	⿰氵條
2843	歆	21092	1930	13	xīn	⿰音欠
2844	讒	21049	1870	24	chán	⿰訁毚
2845	葱	21038	1679	12	cōng	⿱艹怱
2846	尖	21034	1495	6	jiān	⿱𡭔大
2847	烹	21011	2506	11	pēng	⿱亨灬
2848	傲	20998	2443	12	ào	⿰亻敖
2849	煑	20990	1469	12	zhǔ	⿱者火
2850	鷺	20986	1759	24	lù	⿱路鳥
2851	霖	20984	1918	16	lín	⿱雨林
2852	聳	20978	2065	17	sǒng	⿱從耳
2853	鉞	20971	2010	13	yuè	⿰釒戉
2854	歇	20919	2229	13	xiē	⿰曷欠
2855	敘	20917	1562	11	xù	⿰余攵
2856	辜	20914	2219	12	gū	⿱古辛
2857	奎	20911	1634	9	kuí	⿱大圭
2858	吁	20847	2248	6	xū	⿰口于
2859	軰	20839	1713	12	bèi	⿱北車
2860	齎	20823	1868	21	jī	⿵齊貝
2861	濵	20817	1952	17	bīn	⿰氵賔
2862	喚	20813	1916	12	huàn	⿰口奐
2863	繕	20810	1727	18	shàn	⿰糹善
2864	怡	20807	2162	8	yí	⿰忄台
2865	两	20801	1055	7	liǎng	⿱一⿻冂从
2866	頤	20783	1656	16	yí	⿰𦣞頁
2867	贍	20774	1903	20	shàn	⿰貝詹
2868	迄	20763	2099	6	qì	⿺辶乞
2869	郵	20751	1889	10	yóu	⿰垂阝
2870	惕	20738	1984	11	tì	⿰忄易
2871	梨	20719	1837	11	lí	⿱利木
2872	胷	20669	2039	10	xiōng	⿱匈⺝
2873	攘	20569	2248	20	rǎng	⿰扌襄
2874	訊	20543	1848	10	xùn	⿰訁卂
2875	沖	20530	1947	7	chōng	⿰氵中
2876	倪	20513	1833	10	ní	⿰亻兒
2877	叚	20499	1617	9	xiá jiǎ	⿰{5}⿱{50}又
2878	儻	20498	1929	22	tǎng	⿰亻黨
2879	緝	20488	1871	15	jī	⿰糹咠
2880	兊	20458	1267	6	duì	⿱公儿
2881	鐸	20447	1738	21	duó	⿰釒睪
2882	潞	20431	1414	16	lù	⿰氵路
2883	昻	20407	1739	9	áng	⿱日卭
2884	蜂	20402	2021	13	fēng	⿰虫夆
2885	堆	20389	1946	11	duī	⿰土隹
2886	兢	20380	1877	14	jīng	⿰克克
2887	蹄	20370	2157	16	tí	⿰𧾷帝
2888	蹤	20366	2169	18	zōng	⿰𧾷從
2889	伺	20343	2143	7	cì	⿰亻司
2890	壩	20338	433	24	bà	⿰土霸
2891	瓶	20336	2002	10	píng	⿰并瓦
2892	猪	20321	1277	11	zhū	⿰犭者
2893	渺	20319	1735	12	miǎo	⿰氵眇
2894	紗	20315	1676	10	shā	⿰糹少
2895	罵	20311	1738	15	mà	⿱罒馬
2896	屨	20301	1837	17	jù	⿸尸⿰彳婁
2897	熹	20291	1099	16	xī	⿱喜灬
2898	噫	20222	2192	16	yī	⿰口意
2899	寔	20188	1786	12	shí	⿱宀是
2900	縈	20181	1977	16	yíng	⿱𤇾糸
2901	渥	20154	1820	12	wò	⿰氵屋
2902	綜	20151	1911	14	zōng	⿰糹宗
2903	賚	20129	1523	15	lài	⿱來貝
2904	蹕	20120	1337	17	bì	⿰𧾷畢
2905	徼	20088	1992	16	jiào	⿰彳敫
2906	鞏	20088	1609	15	gǒng	⿱巩革
2907	雌	20073	2214	14	cí	⿰此隹
2908	抄	20037	1873	7	chāo	⿰扌少
2909	臻	20036	2223	16	zhēn	⿰至秦
2910	蠡	20028	1838	21	lí	⿱彖䖵
2911	愼	20007	1723	13	shèn	⿰忄眞
2912	躁	19990	2014	20	zào	⿰𧾷喿
2913	遞	19961	1924	13	dì	⿺辶虒
2914	鬻	19937	1994	22	yù	⿱粥鬲
2915	讎	19926	1887	23	chóu	⿲隹言隹
2916	敞	19922	1650	12	chǎng	⿰尚攵
2917	欄	19900	1759	21	lán	⿰木闌
2918	欒	19892	1560	23	luán	⿱䜌木
2919	汎	19843	1991	6	fàn	⿰氵凡
2920	隐	19828	1252	11	yǐn	⿰阝急
2921	窗	19815	936	12	chuāng	⿱穴囱
2922	閨	19815	2021	14	guī	⿵門圭
2923	脹	19810	506	12	zhàng	⿰月長
2924	蘓	19768	1483	19	sū	⿱艹𮃣
2925	廼	19764	1471	8	nǎi	⿺廴西
2926	廩	19761	1812	16	lǐn	⿸广稟
2927	婆	19753	1914	11	pó	⿱波女
2928	怯	19718	2089	8	qiè	⿰忄去
2929	喘	19713	1394	12	chuǎn	⿰口耑
2930	闌	19702	1687	17	lán	⿵門柬
2931	韜	19702	1995	19	tāo	⿰韋舀
2932	械	19697	1834	11	xiè	⿰木戒
2933	蟠	19692	2051	18	pán	⿰虫番
2934	栖	19655	1864	10	qī	⿰木西
2935	羈	19651	1974	24	jī	⿱罒䩻
2936	闈	19651	1801	17	wéi	⿵門韋
2937	凱	19636	1829	12	kǎi	⿰豈几
2938	酋	19633	1246	9	qiú	⿱丷酉
2939	堵	19626	1935	11	dǔ	⿰土者
2940	檻	19614	1885	18	kǎn	⿰木監
2941	扉	19606	1822	12	fēi	⿸户非
2942	忤	19595	1928	7	wǔ	⿰忄午
2943	榻	19593	1844	14	tà	⿰木𦐇
2944	炮	19590	995	9	pào	⿰火包
2945	汙	19581	2295	6	wū	⿰氵于
2946	腐	19561	2345	14	fǔ	⿸府肉
2947	豁	19556	2201	17	huō	⿰害谷
2948	箴	19543	1810	15	zhēn	⿱𥫗咸
2949	醋	19542	830	15	cù	⿰酉昔
2950	鬭	19540	1889	24	dòu	⿵鬥斲
2951	冩	19517	1950	14	xiě	⿱冖舄
2952	郤	19509	1512	9	xì	⿰谷阝
2953	駒	19508	1937	15	jū	⿰馬句
2954	笏	19505	1577	10	hù	⿱𥫗勿
2955	姊	19502	1687	7	zǐ	⿰女𠂔
2956	彛	19502	1777	16	yí	⿱{42}𪪷
2957	鐡	19501	1668	20	tiě	⿰釒⿹𢦏⿱口䒑
2958	弘	19476	986	5	hóng	⿰弓厶
2959	蒿	19462	1908	13	hāo	⿱艹高
2960	魔	19460	1759	20	mó	⿸麻鬼
2961	搆	19448	1859	13	gòu	⿰扌冓
2962	炭	19406	2164	9	tàn	⿱山灰
2963	闇	19396	2111	17	àn	⿵門音
2964	溉	19391	1581	12	gài	⿰氵既
2965	㢘	19347	1502	15	lián	⿸广𠔥
2966	縛	19309	2143	16	fù	⿰糹尃
2967	隕	19301	1996	12	yǔn	⿰阝員
2968	鞠	19294	1942	17	jū	⿰革匊
2969	昬	19293	1592	9	hūn	⿱民日
2970	組	19279	1800	11	zǔ	⿰糹且
2971	遶	19274	1902	15	rào	⿺辶堯
2972	劣	19233	2276	6	liè	⿱少力
2973	駟	19231	2017	15	sì	⿰馬四
2974	徘	19197	2035	11	pái	⿰彳非
2975	謚	19175	1277	17	shì	⿰訁益
2976	籩	19155	1304	24	biān	⿱𥫗邊
2977	苞	19153	1895	8	bāo	⿱艹包
2978	峙	19149	1902	9	zhì	⿰山寺
2979	鞅	19147	1779	14	yāng	⿰革央
2980	窟	19133	2113	13	kū	⿱穴屈
2981	逵	19109	1607	11	kuí	⿺辶坴
2982	剖	19101	2285	10	pōu pǒ	⿰咅刂
2983	讐	19061	1687	23	chóu	⿱雔言
2984	殻	19059	1318	11	qiào	⿰壳殳
2985	餅	19058	1582	14	bǐng	⿰飠并
2986	渇	19055	1626	11	kě	⿰氵⿱日匂
2987	筭	19051	1988	13	suàn	⿱𥫗弄
2988	矧	19026	1851	9	shěn	⿰矢引
2989	釁	19019	1840	26	xìn	⿳⿱⿴𦥑同冖酉分
2990	刪	19018	2027	7	shān	⿰冊刂
2991	佚	19010	2292	7	yì	⿰亻失
2992	芬	19000	1939	7	fēn	⿱艹分
2993	琦	18979	1125	12	qí	⿰𤣩奇
2994	臍	18946	1316	18	qí	⿰月齊
2995	鵬	18936	1670	19	péng	⿰朋鳥
2996	穹	18928	1978	8	qióng	⿱穴弓
2997	迂	18926	2204	6	yū	⿺辶于
2998	撓	18904	2229	15	náo	⿰扌堯
2999	耦	18884	1618	15	ǒu	⿰耒禺
3000	旺	18883	1117	8	wàng	⿰日王
