# Akkadian syllabic-value frequency — CDLI, Old Babylonian slice
# Generated by bin/akk_seq.rb on 2026-08-05 · 1.4.0
# OB slice: nabu lect list (akk:ob rulings, 30157 CDLI documents) ∩ nabu export --lang=akk --source=cdli
# Passages: 204820 · raw ATF spellings, never folded (sz/s,/t,); a separate base — never mixed with sux ranks (§9).
# Syllabic values only: Sumerograms and determinatives tallied separately (sumerogram-freq-akkob.tsv).
rank	value	count
1	a	51677
2	na	43915
3	ma	39265
4	i	33397
5	sza	25098
6	szu	23786
7	am	16966
8	ni	16580
9	um	15174
10	li	14638
11	nu	14560
12	im	14542
13	u2	14483
14	u3	13609
15	ta	13059
16	ri	12802
17	ba	12688
18	ra	12560
19	bi	12484
20	la	11681
21	utu	10911
22	ti	10339
23	ka	10219
24	suen	9583
25	mu	9147
26	ia	9120
27	ki	9057
28	an	9030
29	li2	8929
30	e	8709
31	tum	8192
32	szi	7934
33	mi	7851
34	di	7782
35	isz	7661
36	ha	7410
37	lu	7218
38	bu	7178
39	ku	6886
40	tim	6564
41	da	6326
42	asz	6309
43	tu	6090
44	ru	5953
45	at	5519
46	be	5289
47	i3	5223
48	pa	5202
49	qi2	5167
50	pi2	5054
51	al	5048
52	ib	4865
53	dingir	4511
54	ar	4488
55	du	4402
56	szum	4281
57	ul	4132
58	it	4110
59	hu	4060
60	in	4038
61	sze	4029
62	pu	3985
63	me	3977
64	il	3949
65	hi	3882
66	ir	3670
67	nam	3319
68	iszkur	3266
69	wi	3204
70	din	3129
71	er	3128
72	qa2	3055
73	wa	3004
74	ab	2833
75	marduk	2829
76	zi	2810
77	sin	2779
78	su	2778
79	ah	2771
80	ak	2749
81	el	2715
82	bi2	2711
83	sa	2709
84	ga	2641
85	s,a	2571
86	re	2535
87	te	2532
88	s,i	2479
89	arad	2466
90	ur	2356
91	usz	2335
92	su2	2317
93	nim	2302
94	nin	2276
95	lum	2274
96	ad	2252
97	lim	2241
98	ip	2235
99	za	2131
100	en	2017
101	id	2008
102	ap	2000
103	rum	1964
104	qu2	1900
105	tam	1889
106	si	1880
107	iq	1850
108	mar	1822
109	ik	1798
110	dumu	1769
111	zu	1740
112	lam	1697
113	e2	1688
114	sa3	1668
115	gi	1618
116	ub	1588
117	szar	1488
118	ur2	1465
119	le	1464
120	s,i2	1433
121	s,e	1353
122	lil2	1329
123	kum	1327
124	un	1292
125	t,u2	1276
126	si2	1269
127	qa	1215
128	nanna	1196
129	s,u2	1181
130	em	1177
131	it,	1156
132	ut	1150
133	gu	1097
134	tar2	1091
135	lu2	1044
136	isz8	1024
137	aq	1000
138	mil	951
139	kam	935
140	pi4	908
141	gur	899
142	szubur	876
143	uh	867
144	is,	852
145	dam	848
146	t,e4	836
147	esz18	830
148	dar	822
149	u	811
150	szum2	808
151	is	801
152	ne	798
153	blank	789
154	zimbir	788
155	space	784
156	qar	780
157	sig	750
158	pi	743
159	t,a3	741
160	s,ir	738
161	tup	726
162	gan	722
163	u4	685
164	at,	678
165	pil	671
166	ne2	660
167	arad2	656
168	ud	627
169	uk	625
170	esz	622
171	ih	610
172	gal	591
173	bar	590
174	as	585
175	er3	580
176	qe2	575
177	iz	572
178	as,	568
179	up	556
180	gir	547
181	ep	535
182	har	520
183	pe2	520
184	amar	519
185	geme2	513
186	s,il2	509
187	t,a	506
188	de	504
189	ba4	490
190	ka3	483
191	t,up	482
192	be2	474
193	az	466
194	as2	458
195	tel	457
196	bur	450
197	lugal	444
198	asz2	442
199	nun	438
200	babila2	434
201	inanna	424
202	tap	422
203	masz	413
204	sag	411
205	la2	398
206	ig	389
207	we	387
208	puzur4	385
209	qum	378
210	lik	376
211	et	366
212	ut,	365
213	eh	343
214	di3	342
215	il3	339
216	he	321
217	illat	314
218	ri2	312
219	tab	311
220	uh2	298
221	urta	291
222	kur	286
223	ag	259
224	sza3	259
225	mah	258
226	t,i	249
227	tar	244
228	akszak	243
229	ku3	235
230	pil2	234
231	tiszpak	232
232	esz3	218
233	he2	218
234	kar	217
235	uz	215
236	sa2	213
237	uq	212
238	babbar	211
239	mur	210
240	igi	209
241	kab	209
242	t,i3	208
243	eb	206
244	sar	206
245	t,ar	205
246	us,	204
247	se	199
248	t,u3	198
249	s,um	194
250	tin	192
251	ke	189
252	us2	187
253	usz2	180
254	t,a2	179
255	pir	177
256	kan2	171
257	wu	165
258	kal	164
259	dub	163
260	se2	162
261	gal2	161
262	il2	161
263	us	155
264	sukkal	154
265	ter	154
266	inim	153
267	ge	152
268	erisz	150
269	sze20	150
270	pur	148
271	ze	148
272	unu	147
273	ed	146
274	nibru	146
275	si4	146
276	disz	144
277	s,e2	144
278	sa6	142
279	eq	136
280	t,e	136
281	s,ur	135
282	tam2	135
283	tur2	135
284	dan	134
285	hal	134
286	num2	133
287	tak2	132
288	kisz	130
289	pa2	129
290	bil	127
291	gi4	127
292	bad3	126
293	tasz	124
294	du10	123
295	bir5	117
296	gesz	113
297	munus	112
298	nir	111
299	nig2	110
300	dul3	109
301	pe	108
302	ku5	107
303	ma2	106
304	nergal	106
305	til	106
306	urasz	104
307	el3	103
308	ta2	101
309	ug	101
310	as3	99
311	sum2	99
312	numun	98
313	apin	96
314	i7	96
315	szesz	96
316	eri	94
317	gu2	94
318	szur	94
319	larsa	93
320	sze3	93
321	ke4	92
322	bala	90
323	du8	90
324	lal3	90
325	s,u	89
326	eridu	88
327	gan2	88
328	hur	88
329	tul2	86
330	kal2	84
331	uri5	84
332	buranun	82
333	ga2	81
334	a2	80
335	iti	80
336	qu3	80
337	su4	79
338	ama	78
339	uri2	77
340	sipa	76
341	mesz	75
342	nirah	75
343	gibil6	74
344	is3	74
345	gar	73
346	gar3	73
347	iri	71
348	ne3	71
349	num	71
350	sila3	70
351	am7	69
352	is2	69
353	gin2	68
354	musz	67
355	de3	66
356	eri11	66
357	szul	66
358	szakkan2	65
359	t,ub	65
360	tukul	65
361	e3	64
362	elam	63
363	iu	63
364	uru4	63
365	ba6	61
366	kul2	60
367	isztaran	59
368	pa3	59
369	gim	55
370	ii	55
371	nusku	55
372	szi2	55
373	ir3	53
374	ze2	53
375	di2	51
376	il5	51
377	tal	51
378	ibila	50
379	szabra	50
380	kir	48
381	qa3	48
382	ek	47
383	aw	46
384	babbar2	46
385	isz7	45
386	ni5	45
387	bat	44
388	bil2	44
389	idim	44
390	kiszib	44
391	qal	44
392	'a3	43
393	tah	43
394	zum	43
395	ia3	41
396	me2	41
397	sum6	41
398	erased	40
399	ez	40
400	ka2	40
401	es	39
402	sur	39
403	tuku	39
404	ag2	38
405	lukur	38
406	sum	38
407	du6	37
408	esz15	37
409	idigna	37
410	isz11	37
411	pirig	37
412	sza2	37
413	ugula	37
414	du3	36
415	pa4	36
416	asar	35
417	gin7	35
418	min	35
419	t,ur	35
420	am3	34
421	giri3	33
422	qur2	33
423	asal	32
424	gir3	32
425	mi3	32
426	qi	32
427	qu	32
428	szim	32
429	babila	31
430	dib	31
431	eg	31
432	erasure	31
433	ki2	30
434	nisaba	30
435	qi3	30
436	sza13	30
437	tur	30
438	de4	29
439	sanga	29
440	tul8	29
441	zar	29
442	arhusz	28
443	es,	28
444	t,am	28
445	adab	27
446	gir2	27
447	qur	27
448	sa10	27
449	gu4	26
450	kar3	26
451	pir6	26
452	yu	26
453	bir4	25
454	edin	25
455	gir14	25
456	sig17	25
457	'i3	24
458	bara2	24
459	et,	24
460	gaz	24
461	kin	24
462	tir	24
463	'a4	23
464	du2	23
465	du7	23
466	dum	23
467	gul	23
468	kalam	23
469	mes	23
470	ni2	23
471	szam	23
472	traces	23
473	udu	23
474	alan	22
475	kiszib3	22
476	t,u	22
477	za3	22
478	alamusz	21
479	ban2	21
480	dah	21
481	dal	21
482	dim2	21
483	gi6	21
484	tak	21
485	zir	21
486	a'	20
487	banda3	20
488	ge6	20
489	kap	20
490	kasz	20
491	qi4	20
492	sag11	20
493	su3	20
494	ab2	19
495	dab	19
496	es3	19
497	in4	19
498	kiri6	19
499	luh	19
500	masz2	19
