# Sumerian transliteration-value frequency — CDLI (documentary, admin-heavy)
# Generated by bin/sign_seq.rb on 2026-07-29 · 1.3.0
# Command: nabu export --format=plain --lang=sux --source=cdli
# Passages: 1548658 · distinct values: 4340 · top 500 kept
# Values are corpus-convention spellings (ATF: sz=š); never merged across corpora.
rank	value	count
1	disz	526454
2	d	254507
3	a	201261
4	ki	188673
5	ba	176719
6	u	165343
7	mu	161847
8	asz	140365
9	c	136018
10	na	106171
11	sila3	105622
12	ur	104182
13	ta	100735
14	ban2	96297
15	lugal	95639
16	ga	84165
17	lu2	79923
18	da	77531
19	i3	76453
20	barig	75799
21	ma	73496
22	szu	72278
23	dumu	70760
24	ra	69618
25	sze	68076
26	gin2	66769
27	iti	64286
28	e2	63304
29	bi	60840
30	gesz	58778
31	en	58777
32	ni	57146
33	gur	56990
34	u4	55955
35	sze3	55780
36	la	51680
37	e	51491
38	sza3	51321
39	gesz2	50827
40	nin	50478
41	an	50188
42	la2	49763
43	udu	48479
44	zi	46413
45	kam	45784
46	nu	38684
47	du	37767
48	kasz	37621
49	gal	37298
50	gi	37150
51	szunigin	36193
52	sar	35892
53	ka	34805
54	gu4	34803
55	ninda	34489
56	ti	33985
57	me	32921
58	dub	32696
59	kiszib3	30809
60	suen	30415
61	sa	30225
62	us2	29920
63	ku3	28769
64	nig2	28626
65	kal	28506
66	ab	26544
67	zu	24463
68	sag	24340
69	masz2	23647
70	gan2	23578
71	hul	23530
72	si	23477
73	du3	22934
74	gurusz	22822
75	su	22796
76	szum2	22767
77	sa6	22517
78	gu	22433
79	lil2	22357
80	giri3	21925
81	a2	21740
82	u2	21443
83	u3	20386
84	igi	20262
85	ga2	20155
86	iku	20114
87	ugula	19790
88	t	19662
89	niga	19458
90	tug2	19453
91	in	19268
92	ke4	19215
93	um	19158
94	ne	19155
95	bi2	18933
96	mah	18907
97	za	18689
98	gu2	18591
99	sila4	18455
100	ezem	18157
101	ma2	18097
102	nam	17640
103	gal2	17422
104	dingir	17164
105	e3	17109
106	szul	16893
107	dab5	16696
108	sza	16622
109	naga	16122
110	bar	16080
111	gar	15956
112	masz	15920
113	ru	15898
114	hu	15657
115	ensi2	15349
116	szara2	14966
117	amar	14845
118	ha	14709
119	am3	14705
120	i	14286
121	zi3	14261
122	tu	14078
123	gi4	13939
124	im	13914
125	du11	13771
126	li2	13645
127	ri	13347
128	saga	13077
129	ba6	13031
130	lum	13027
131	nanna	12966
132	arad2	12896
133	du10	12845
134	geme2	12839
135	gir2	12615
136	hun	12554
137	pa	12202
138	siki	11778
139	ra2	11580
140	ku5	11396
141	szesz	11353
142	al	11284
143	inanna	11180
144	nun	11126
145	dam	10873
146	gub	10834
147	kux	10779
148	uri5	10541
149	du8	10419
150	sa2	9856
151	gesz'u	9793
152	utu	9788
153	he2	9698
154	lu	9556
155	bala	9487
156	kusz	9411
157	ak	9388
158	re	9311
159	bur3	9226
160	ab2	9160
161	de3	9139
162	li	9136
163	hi	9131
164	inim	9114
165	ku6	9102
166	esze3	9079
167	munus	9067
168	banda3	9061
169	gu7	8924
170	tum	8881
171	mar	8728
172	tur	8687
173	kur	8442
174	bu	8245
175	mi	8217
176	ia3	8150
177	szi	7947
178	gid2	7946
179	iri	7940
180	usz	7789
181	u8	7709
182	sukkal	7580
183	engar	7523
184	dug	7497
185	bad3	7480
186	ku	7433
187	un	7211
188	kin	7080
189	babbar	7050
190	de2	6818
191	muszen	6788
192	il2	6664
193	nita2	6609
194	ur2	6567
195	zal	6524
196	usz2	6515
197	pa3	6392
198	lagasz	6360
199	ag2	6197
200	nigar	6170
201	du7	6096
202	ge	5982
203	ansze	5974
204	mes	5885
205	ud5	5841
206	gu3	5758
207	am	5757
208	nita	5755
209	sag11	5725
210	ad	5716
211	maszkim	5684
212	numun	5672
213	ub	5614
214	gaba	5606
215	id	5539
216	i7	5511
217	iszkur	5491
218	dim2	5428
219	sipa	5384
220	puzur4	5369
221	esz	5280
222	dar	5274
223	di	5267
224	zu2	5240
225	be2	5224
226	dabin	5206
227	nansze	5206
228	gar3	5172
229	gin7	5162
230	gan	5159
231	erin2	5139
232	umma	4965
233	nigin2	4923
234	lu5	4912
235	kar	4895
236	esz3	4840
237	ig	4834
238	szubur	4831
239	ama	4782
240	diri	4763
241	gen	4616
242	tar	4545
243	ziz2	4533
244	blank	4531
245	uruda	4492
246	gigir	4480
247	ne2	4450
248	space	4320
249	ge6	4316
250	szar2	4299
251	si4	4278
252	tuku	4236
253	dida	4217
254	gu10	4204
255	ib2	4186
256	za3	4176
257	ur3	4171
258	lamma	4150
259	isz	4127
260	unu	4118
261	gur8	4112
262	ur5	4095
263	num2	4078
264	babbar2	4046
265	ar	3925
266	ug3	3919
267	tab	3881
268	li9	3839
269	limmu2	3803
270	szabra	3796
271	muhaldim	3770
272	eridu	3747
273	kiri6	3709
274	ib	3656
275	sa10	3650
276	kas4	3600
277	lam2	3547
278	gur2	3534
279	su3	3515
280	ur4	3503
281	du6	3483
282	ri2	3481
283	nibru	3474
284	da3	3454
285	szusz3	3345
286	te	3317
287	ninnu	3304
288	asz2	3268
289	sanga	3261
290	nir	3248
291	ar3	3145
292	sig15	3130
293	hur	3105
294	e11	3103
295	gada	3083
296	kusz3	3033
297	na4	2936
298	apin	2934
299	esz2	2933
300	er3	2931
301	mu2	2926
302	aga3	2884
303	duh	2780
304	de6	2778
305	ru2	2763
306	szah2	2749
307	zabar	2744
308	le	2741
309	bara2	2711
310	wa	2700
311	sahar	2685
312	anzu2	2683
313	esz18	2645
314	sig4	2642
315	nesag	2638
316	lam	2633
317	szim	2633
318	ir	2605
319	tukul	2585
320	har	2541
321	szar	2521
322	munu4	2506
323	sig7	2459
324	tusz	2450
325	edin	2425
326	ka9	2411
327	ul	2392
328	s	2384
329	abzu	2377
330	alim	2368
331	guz	2356
332	tum2	2350
333	be	2336
334	ku4	2326
335	gesztin	2310
336	szuku	2309
337	sagi	2307
338	guru7	2304
339	kur2	2303
340	unu6	2238
341	duru5	2234
342	musz	2209
343	lal3	2206
344	ni2	2200
345	szub	2199
346	szitim	2194
347	gig	2190
348	er	2147
349	at	2145
350	tu7	2124
351	se3	2118
352	siskur2	2111
353	u5	2101
354	isztaran	2090
355	sig17	2079
356	kuruszda	2075
357	bur	2073
358	gul	2065
359	min	2043
360	kesz2	2040
361	bur'u	2022
362	gukkal	2020
363	pa4	2015
364	bu3	2011
365	kir11	1994
366	esir2	1984
367	kaskal	1976
368	dur3	1972
369	ze2	1941
370	giri17	1932
371	kalam	1921
372	mah2	1907
373	su7	1894
374	uh2	1877
375	kun	1823
376	tag	1817
377	ta2	1809
378	sur	1773
379	esza	1769
380	dal	1767
381	gudu4	1753
382	ud	1739
383	pisan	1735
384	sal4	1734
385	eb	1713
386	gab2	1707
387	nu2	1702
388	ugu2	1699
389	szu2	1680
390	lah5	1677
391	urta	1665
392	nagar	1645
393	kas	1567
394	til	1537
395	di3	1536
396	du5	1533
397	gibil	1526
398	aszxdisz	1518
399	elam	1518
400	kar2	1501
401	iq	1499
402	sikil	1492
403	lagar	1486
404	din	1482
405	uz	1481
406	tir	1474
407	tum3	1469
408	nimgir	1467
409	rum	1458
410	illat	1439
411	kid	1434
412	nar	1433
413	qar	1419
414	didli	1418
415	dun	1407
416	gurum2	1407
417	luh	1403
418	ah	1394
419	sa12	1378
420	kab2	1376
421	gur11	1375
422	dagal	1366
423	uri	1348
424	gala	1346
425	gara2	1344
426	hul2	1343
427	szuszin	1336
428	tam	1336
429	il	1334
430	aszgab	1328
431	am6	1326
432	tak4	1319
433	nag	1311
434	si2	1306
435	kunga2	1299
436	unu3	1288
437	szum	1276
438	ses	1269
439	ia	1238
440	su2	1235
441	silim	1223
442	dara3	1215
443	szar3	1195
444	kwu147	1192
445	tesz2	1191
446	kusz2	1189
447	par4	1182
448	ka5	1164
449	g	1156
450	gaz	1153
451	mug	1147
452	ga6	1144
453	gir	1142
454	gi7	1141
455	gam	1131
456	sza13	1129
457	dur2	1128
458	azlag2	1125
459	gur4	1124
460	erim2	1121
461	sal	1121
462	sig	1120
463	kisal	1119
464	haszhur	1118
465	husz	1117
466	zah3	1116
467	hal	1114
468	musz3	1110
469	libir	1109
470	nin9	1108
471	uru11	1108
472	szid	1103
473	em	1097
474	dul5	1095
475	su4	1087
476	nim	1086
477	mun	1085
478	gin3	1060
479	lim	1060
480	esz5	1055
481	sumun	1047
482	dah	1040
483	gun3	1029
484	sud3	1027
485	mur	1015
486	pi4	1010
487	dan	1004
488	gurx	998
489	en3	987
490	simug	985
491	pirig	984
492	gazi	980
493	kikken2	979
494	gur10	976
495	ip	971
496	tul2	962
497	namma	958
498	kikken	956
499	nam2	952
500	dusu2	950
